fecha,codZonal,codEsta,nomEsta,uniHidrografica,nomDepa,nomCuenca,nomSector,dato,unidad,datAnomalia,uniAnomalia,tendencia,umbralRojo,cuerpoAgua
2023-10-13,13,47256412,MUELLE ENAFER,Región Hidrográfica del Titicaca,PUNO,Intercuenca 0173,SUR,3808.0553,m.s.n.m,-1.3137,m.s.n.m,E,3810.25,LAGO TITICACA
2023-10-14,13,47256412,MUELLE ENAFER,Región Hidrográfica del Titicaca,PUNO,Intercuenca 0173,SUR,3808.0505,m.s.n.m,-1.3155,m.s.n.m,E,3810.25,LAGO TITICACA
2023-10-15,13,47256412,MUELLE ENAFER,Región Hidrográfica del Titicaca,PUNO,Intercuenca 0173,SUR,3808.0516,m.s.n.m,-1.3124,m.s.n.m,E,3810.25,LAGO TITICACA
2023-10-16,13,47256412,MUELLE ENAFER,Región Hidrográfica del Titicaca,PUNO,Intercuenca 0173,SUR,3808.0458,m.s.n.m,-1.3152,m.s.n.m,E,3810.25,LAGO TITICACA
2023-10-17,13,47256412,MUELLE ENAFER,Región Hidrográfica del Titicaca,PUNO,Intercuenca 0173,SUR,3808.0374,m.s.n.m,-1.3216,m.s.n.m,E,3810.25,LAGO TITICACA
2023-10-18,13,47256412,MUELLE ENAFER,Región Hidrográfica del Titicaca,PUNO,Intercuenca 0173,SUR,3808.0358,m.s.n.m,-1.3222,m.s.n.m,E,3810.25,LAGO TITICACA
2023-10-19,13,47256412,MUELLE ENAFER,Región Hidrográfica del Titicaca,PUNO,Intercuenca 0173,SUR,3808.0337,m.s.n.m,-1.3193,m.s.n.m,E,3810.25,LAGO TITICACA
2023-10-20,13,47256412,MUELLE ENAFER,Región Hidrográfica del Titicaca,PUNO,Intercuenca 0173,SUR,3808.0321,m.s.n.m,-1.3189,m.s.n.m,E,3810.25,LAGO TITICACA
2023-10-21,13,47256412,MUELLE ENAFER,Región Hidrográfica del Titicaca,PUNO,Intercuenca 0173,SUR,3808.0274,m.s.n.m,-1.3216,m.s.n.m,E,3810.25,LAGO TITICACA
2023-10-22,13,47256412,MUELLE ENAFER,Región Hidrográfica del Titicaca,PUNO,Intercuenca 0173,SUR,3808.0232,m.s.n.m,-1.3228,m.s.n.m,E,3810.25,LAGO TITICACA
2023-10-23,13,47256412,MUELLE ENAFER,Región Hidrográfica del Titicaca,PUNO,Intercuenca 0173,SUR,3808.0247,m.s.n.m,-1.3203,m.s.n.m,E,3810.25,LAGO TITICACA
2023-10-24,13,47256412,MUELLE ENAFER,Región Hidrográfica del Titicaca,PUNO,Intercuenca 0173,SUR,3808.0267,m.s.n.m,-1.3163,m.s.n.m,E,3810.25,LAGO TITICACA
2023-10-25,13,47256412,MUELLE ENAFER,Región Hidrográfica del Titicaca,PUNO,Intercuenca 0173,SUR,3808.03,m.s.n.m,-1.309,m.s.n.m,E,3810.25,LAGO TITICACA
2023-10-26,13,47256412,MUELLE ENAFER,Región Hidrográfica del Titicaca,PUNO,Intercuenca 0173,SUR,3808.0263,m.s.n.m,-1.3097,m.s.n.m,E,3810.25,LAGO TITICACA
2023-10-27,13,47256412,MUELLE ENAFER,Región Hidrográfica del Titicaca,PUNO,Intercuenca 0173,SUR,3808.0237,m.s.n.m,-1.3093,m.s.n.m,E,3810.25,LAGO TITICACA
2023-10-28,13,47256412,MUELLE ENAFER,Región Hidrográfica del Titicaca,PUNO,Intercuenca 0173,SUR,3808.0137,m.s.n.m,-1.3173,m.s.n.m,E,3810.25,LAGO TITICACA
2023-10-29,13,47256412,MUELLE ENAFER,Región Hidrográfica del Titicaca,PUNO,Intercuenca 0173,SUR,3808.0153,m.s.n.m,-1.3127,m.s.n.m,E,3810.25,LAGO TITICACA
2023-10-30,13,47256412,MUELLE ENAFER,Región Hidrográfica del Titicaca,PUNO,Intercuenca 0173,SUR,3808.0147,m.s.n.m,-1.3093,m.s.n.m,E,3810.25,LAGO TITICACA
2023-10-31,13,47256412,MUELLE ENAFER,Región Hidrográfica del Titicaca,PUNO,Intercuenca 0173,SUR,3808.0053,m.s.n.m,-1.3157,m.s.n.m,E,3810.25,LAGO TITICACA
2023-11-01,13,47256412,MUELLE ENAFER,Región Hidrográfica del Titicaca,PUNO,Intercuenca 0173,SUR,3808.0042,m.s.n.m,-1.3148,m.s.n.m,E,3810.25,LAGO TITICACA
2023-11-02,13,47256412,MUELLE ENAFER,Región Hidrográfica del Titicaca,PUNO,Intercuenca 0173,SUR,3807.9905,m.s.n.m,-1.3255,m.s.n.m,E,3810.25,LAGO TITICACA
2023-11-03,13,47256412,MUELLE ENAFER,Región Hidrográfica del Titicaca,PUNO,Intercuenca 0173,SUR,3807.9884,m.s.n.m,-1.3236,m.s.n.m,E,3810.25,LAGO TITICACA
2023-11-04,13,47256412,MUELLE ENAFER,Región Hidrográfica del Titicaca,PUNO,Intercuenca 0173,SUR,3807.9953,m.s.n.m,-1.3147,m.s.n.m,E,3810.25,LAGO TITICACA
2023-11-05,13,47256412,MUELLE ENAFER,Región Hidrográfica del Titicaca,PUNO,Intercuenca 0173,SUR,3807.9942,m.s.n.m,-1.3138,m.s.n.m,E,3810.25,LAGO TITICACA
2023-11-06,13,47256412,MUELLE ENAFER,Región Hidrográfica del Titicaca,PUNO,Intercuenca 0173,SUR,3807.9926,m.s.n.m,-1.3124,m.s.n.m,E,3810.25,LAGO TITICACA
2023-11-07,13,47256412,MUELLE ENAFER,Región Hidrográfica del Titicaca,PUNO,Intercuenca 0173,SUR,3807.9905,m.s.n.m,-1.3115,m.s.n.m,E,3810.25,LAGO TITICACA
2023-11-08,13,47256412,MUELLE ENAFER,Región Hidrográfica del Titicaca,PUNO,Intercuenca 0173,SUR,3807.9969,m.s.n.m,-1.3031,m.s.n.m,E,3810.25,LAGO TITICACA
2023-11-09,13,47256412,MUELLE ENAFER,Región Hidrográfica del Titicaca,PUNO,Intercuenca 0173,SUR,3807.9737,m.s.n.m,-1.3233,m.s.n.m,LD,3810.25,LAGO TITICACA
2023-11-10,13,47256412,MUELLE ENAFER,Región Hidrográfica del Titicaca,PUNO,Intercuenca 0173,SUR,3807.9626,m.s.n.m,-1.3324,m.s.n.m,E,3810.25,LAGO TITICACA
2023-11-11,13,47256412,MUELLE ENAFER,Región Hidrográfica del Titicaca,PUNO,Intercuenca 0173,SUR,3807.9695,m.s.n.m,-1.3225,m.s.n.m,E,3810.25,LAGO TITICACA
2023-11-12,13,47256412,MUELLE ENAFER,Región Hidrográfica del Titicaca,PUNO,Intercuenca 0173,SUR,3807.9621,m.s.n.m,-1.3269,m.s.n.m,E,3810.25,LAGO TITICACA
2023-11-13,13,47256412,MUELLE ENAFER,Región Hidrográfica del Titicaca,PUNO,Intercuenca 0173,SUR,3807.96,m.s.n.m,-1.325,m.s.n.m,E,3810.25,LAGO TITICACA
2023-11-14,13,47256412,MUELLE ENAFER,Región Hidrográfica del Titicaca,PUNO,Intercuenca 0173,SUR,3807.9584,m.s.n.m,-1.3246,m.s.n.m,E,3810.25,LAGO TITICACA
2023-11-15,13,47256412,MUELLE ENAFER,Región Hidrográfica del Titicaca,PUNO,Intercuenca 0173,SUR,3807.9653,m.s.n.m,-1.3147,m.s.n.m,E,3810.25,LAGO TITICACA
2023-11-16,13,47256412,MUELLE ENAFER,Región Hidrográfica del Titicaca,PUNO,Intercuenca 0173,SUR,3807.9579,m.s.n.m,-1.3211,m.s.n.m,E,3810.25,LAGO TITICACA
2023-11-17,13,47256412,MUELLE ENAFER,Región Hidrográfica del Titicaca,PUNO,Intercuenca 0173,SUR,3807.9637,m.s.n.m,-1.3113,m.s.n.m,E,3810.25,LAGO TITICACA
2023-11-18,13,47256412,MUELLE ENAFER,Región Hidrográfica del Titicaca,PUNO,Intercuenca 0173,SUR,3807.9606,m.s.n.m,-1.3124,m.s.n.m,E,3810.25,LAGO TITICACA
2023-11-19,13,47256412,MUELLE ENAFER,Región Hidrográfica del Titicaca,PUNO,Intercuenca 0173,SUR,3807.9569,m.s.n.m,-1.3141,m.s.n.m,E,3810.25,LAGO TITICACA
2023-11-20,13,47256412,MUELLE ENAFER,Región Hidrográfica del Titicaca,PUNO,Intercuenca 0173,SUR,3807.9591,m.s.n.m,-1.3089,m.s.n.m,E,3810.25,LAGO TITICACA
2023-11-21,13,47256412,MUELLE ENAFER,Región Hidrográfica del Titicaca,PUNO,Intercuenca 0173,SUR,3807.9585,m.s.n.m,-1.3085,m.s.n.m,E,3810.25,LAGO TITICACA
2023-11-22,13,47256412,MUELLE ENAFER,Región Hidrográfica del Titicaca,PUNO,Intercuenca 0173,SUR,3807.9543,m.s.n.m,-1.3127,m.s.n.m,E,3810.25,LAGO TITICACA
2023-11-23,13,47256412,MUELLE ENAFER,Región Hidrográfica del Titicaca,PUNO,Intercuenca 0173,SUR,3807.958,m.s.n.m,-1.308,m.s.n.m,E,3810.25,LAGO TITICACA
2023-11-24,13,47256412,MUELLE ENAFER,Región Hidrográfica del Titicaca,PUNO,Intercuenca 0173,SUR,3807.9574,m.s.n.m,-1.3066,m.s.n.m,E,3810.25,LAGO TITICACA
2023-11-25,13,47256412,MUELLE ENAFER,Región Hidrográfica del Titicaca,PUNO,Intercuenca 0173,SUR,3807.9459,m.s.n.m,-1.3161,m.s.n.m,E,3810.25,LAGO TITICACA
2023-11-26,13,47256412,MUELLE ENAFER,Región Hidrográfica del Titicaca,PUNO,Intercuenca 0173,SUR,3807.9448,m.s.n.m,-1.3162,m.s.n.m,E,3810.25,LAGO TITICACA
2023-11-27,13,47256412,MUELLE ENAFER,Región Hidrográfica del Titicaca,PUNO,Intercuenca 0173,SUR,3807.9389,m.s.n.m,-1.3191,m.s.n.m,E,3810.25,LAGO TITICACA
2023-11-28,13,47256412,MUELLE ENAFER,Región Hidrográfica del Titicaca,PUNO,Intercuenca 0173,SUR,3807.9479,m.s.n.m,-1.3081,m.s.n.m,E,3810.25,LAGO TITICACA
2023-11-29,13,47256412,MUELLE ENAFER,Región Hidrográfica del Titicaca,PUNO,Intercuenca 0173,SUR,3807.9416,m.s.n.m,-1.3114,m.s.n.m,E,3810.25,LAGO TITICACA
2023-11-30,13,47256412,MUELLE ENAFER,Región Hidrográfica del Titicaca,PUNO,Intercuenca 0173,SUR,3807.9421,m.s.n.m,-1.3099,m.s.n.m,E,3810.25,LAGO TITICACA
2023-12-01,13,47256412,MUELLE ENAFER,Región Hidrográfica del Titicaca,PUNO,Intercuenca 0173,SUR,3807.9508,m.s.n.m,-1.2992,m.s.n.m,E,3810.25,LAGO TITICACA
2023-12-02,13,47256412,MUELLE ENAFER,Región Hidrográfica del Titicaca,PUNO,Intercuenca 0173,SUR,3807.95,m.s.n.m,-1.3,m.s.n.m,E,3810.25,LAGO TITICACA
2023-12-03,13,47256412,MUELLE ENAFER,Región Hidrográfica del Titicaca,PUNO,Intercuenca 0173,SUR,3807.9721,m.s.n.m,-1.2769,m.s.n.m,E,3810.25,LAGO TITICACA
2023-12-04,13,47256412,MUELLE ENAFER,Región Hidrográfica del Titicaca,PUNO,Intercuenca 0173,SUR,3807.9653,m.s.n.m,-1.2807,m.s.n.m,E,3810.25,LAGO TITICACA
2023-12-05,13,47256412,MUELLE ENAFER,Región Hidrográfica del Titicaca,PUNO,Intercuenca 0173,SUR,3807.969,m.s.n.m,-1.277,m.s.n.m,E,3810.25,LAGO TITICACA
2023-12-06,13,47256412,MUELLE ENAFER,Región Hidrográfica del Titicaca,PUNO,Intercuenca 0173,SUR,3807.9643,m.s.n.m,-1.2807,m.s.n.m,E,3810.25,LAGO TITICACA
2023-12-07,13,47256412,MUELLE ENAFER,Región Hidrográfica del Titicaca,PUNO,Intercuenca 0173,SUR,3807.9576,m.s.n.m,-1.2864,m.s.n.m,E,3810.25,LAGO TITICACA
2023-12-08,13,47256412,MUELLE ENAFER,Región Hidrográfica del Titicaca,PUNO,Intercuenca 0173,SUR,3807.9464,m.s.n.m,-1.2956,m.s.n.m,E,3810.25,LAGO TITICACA
2023-12-09,13,47256412,MUELLE ENAFER,Región Hidrográfica del Titicaca,PUNO,Intercuenca 0173,SUR,3807.9522,m.s.n.m,-1.2908,m.s.n.m,E,3810.25,LAGO TITICACA
2023-12-10,13,47256412,MUELLE ENAFER,Región Hidrográfica del Titicaca,PUNO,Intercuenca 0173,SUR,3807.9475,m.s.n.m,-1.2945,m.s.n.m,E,3810.25,LAGO TITICACA
2023-12-11,13,47256412,MUELLE ENAFER,Región Hidrográfica del Titicaca,PUNO,Intercuenca 0173,SUR,3807.9802,m.s.n.m,-1.2628,m.s.n.m,LA,3810.25,LAGO TITICACA
2023-12-12,13,47256412,MUELLE ENAFER,Región Hidrográfica del Titicaca,PUNO,Intercuenca 0173,SUR,3807.9708,m.s.n.m,-1.2712,m.s.n.m,E,3810.25,LAGO TITICACA
2023-12-13,13,47256412,MUELLE ENAFER,Región Hidrográfica del Titicaca,PUNO,Intercuenca 0173,SUR,3807.9774,m.s.n.m,-1.2646,m.s.n.m,E,3810.25,LAGO TITICACA
2023-12-14,13,47256412,MUELLE ENAFER,Región Hidrográfica del Titicaca,PUNO,Intercuenca 0173,SUR,3807.9761,m.s.n.m,-1.2649,m.s.n.m,E,3810.25,LAGO TITICACA
2023-12-15,13,47256412,MUELLE ENAFER,Región Hidrográfica del Titicaca,PUNO,Intercuenca 0173,SUR,3807.9866,m.s.n.m,-1.2534,m.s.n.m,E,3810.25,LAGO TITICACA
2023-12-16,13,47256412,MUELLE ENAFER,Región Hidrográfica del Titicaca,PUNO,Intercuenca 0173,SUR,3807.9937,m.s.n.m,-1.2463,m.s.n.m,E,3810.25,LAGO TITICACA
2023-12-17,13,47256412,MUELLE ENAFER,Región Hidrográfica del Titicaca,PUNO,Intercuenca 0173,SUR,3807.9932,m.s.n.m,-1.2488,m.s.n.m,E,3810.25,LAGO TITICACA
2023-12-18,13,47256412,MUELLE ENAFER,Región Hidrográfica del Titicaca,PUNO,Intercuenca 0173,SUR,3807.9997,m.s.n.m,-1.2423,m.s.n.m,E,3810.25,LAGO TITICACA
2023-12-19,13,47256412,MUELLE ENAFER,Región Hidrográfica del Titicaca,PUNO,Intercuenca 0173,SUR,3808.0087,m.s.n.m,-1.2343,m.s.n.m,E,3810.25,LAGO TITICACA
2023-12-20,13,47256412,MUELLE ENAFER,Región Hidrográfica del Titicaca,PUNO,Intercuenca 0173,SUR,3808.0063,m.s.n.m,-1.2377,m.s.n.m,E,3810.25,LAGO TITICACA
2023-12-21,13,47256412,MUELLE ENAFER,Región Hidrográfica del Titicaca,PUNO,Intercuenca 0173,SUR,3808.0047,m.s.n.m,-1.2393,m.s.n.m,E,3810.25,LAGO TITICACA
2023-12-22,13,47256412,MUELLE ENAFER,Región Hidrográfica del Titicaca,PUNO,Intercuenca 0173,SUR,3808.0,m.s.n.m,-1.246,m.s.n.m,E,3810.25,LAGO TITICACA
2023-12-23,13,47256412,MUELLE ENAFER,Región Hidrográfica del Titicaca,PUNO,Intercuenca 0173,SUR,3808.0089,m.s.n.m,-1.2381,m.s.n.m,E,3810.25,LAGO TITICACA
2023-12-24,13,47256412,MUELLE ENAFER,Región Hidrográfica del Titicaca,PUNO,Intercuenca 0173,SUR,3807.9974,m.s.n.m,-1.2526,m.s.n.m,E,3810.25,LAGO TITICACA
2023-12-25,13,47256412,MUELLE ENAFER,Región Hidrográfica del Titicaca,PUNO,Intercuenca 0173,SUR,3808.0047,m.s.n.m,-1.2463,m.s.n.m,E,3810.25,LAGO TITICACA
2023-12-26,13,47256412,MUELLE ENAFER,Región Hidrográfica del Titicaca,PUNO,Intercuenca 0173,SUR,3807.9889,m.s.n.m,-1.2651,m.s.n.m,E,3810.25,LAGO TITICACA
2023-12-27,13,47256412,MUELLE ENAFER,Región Hidrográfica del Titicaca,PUNO,Intercuenca 0173,SUR,3807.9974,m.s.n.m,-1.2596,m.s.n.m,E,3810.25,LAGO TITICACA
2023-12-28,13,47256412,MUELLE ENAFER,Región Hidrográfica del Titicaca,PUNO,Intercuenca 0173,SUR,3807.9887,m.s.n.m,-1.2703,m.s.n.m,E,3810.25,LAGO TITICACA
2023-12-29,13,47256412,MUELLE ENAFER,Región Hidrográfica del Titicaca,PUNO,Intercuenca 0173,SUR,3808.0021,m.s.n.m,-1.2609,m.s.n.m,E,3810.25,LAGO TITICACA
2023-12-30,13,47256412,MUELLE ENAFER,Región Hidrográfica del Titicaca,PUNO,Intercuenca 0173,SUR,3807.9842,m.s.n.m,-1.2818,m.s.n.m,E,3810.25,LAGO TITICACA
2023-12-31,13,47256412,MUELLE ENAFER,Región Hidrográfica del Titicaca,PUNO,Intercuenca 0173,SUR,3808.0053,m.s.n.m,-1.2647,m.s.n.m,LA,3810.25,LAGO TITICACA
2024-01-01,13,47256412,MUELLE ENAFER,Región Hidrográfica del Titicaca,PUNO,Intercuenca 0173,SUR,3808.0163,m.s.n.m,-1.2577,m.s.n.m,E,3810.25,LAGO TITICACA
2024-01-02,13,47256412,MUELLE ENAFER,Región Hidrográfica del Titicaca,PUNO,Intercuenca 0173,SUR,3808.0174,m.s.n.m,-1.2606,m.s.n.m,E,3810.25,LAGO TITICACA
2024-01-03,13,47256412,MUELLE ENAFER,Región Hidrográfica del Titicaca,PUNO,Intercuenca 0173,SUR,3808.0321,m.s.n.m,-1.2499,m.s.n.m,E,3810.25,LAGO TITICACA
2024-01-04,13,47256412,MUELLE ENAFER,Región Hidrográfica del Titicaca,PUNO,Intercuenca 0173,SUR,3808.0384,m.s.n.m,-1.2486,m.s.n.m,E,3810.25,LAGO TITICACA
2024-01-05,13,47256412,MUELLE ENAFER,Región Hidrográfica del Titicaca,PUNO,Intercuenca 0173,SUR,3808.0526,m.s.n.m,-1.2404,m.s.n.m,E,3810.25,LAGO TITICACA
2024-01-06,13,47256412,MUELLE ENAFER,Región Hidrográfica del Titicaca,PUNO,Intercuenca 0173,SUR,3808.0584,m.s.n.m,-1.2376,m.s.n.m,E,3810.25,LAGO TITICACA
2024-01-07,13,47256412,MUELLE ENAFER,Región Hidrográfica del Titicaca,PUNO,Intercuenca 0173,SUR,3808.0621,m.s.n.m,-1.2399,m.s.n.m,E,3810.25,LAGO TITICACA
2024-01-08,13,47256412,MUELLE ENAFER,Región Hidrográfica del Titicaca,PUNO,Intercuenca 0173,SUR,3808.0611,m.s.n.m,-1.2449,m.s.n.m,E,3810.25,LAGO TITICACA
2024-01-09,13,47256412,MUELLE ENAFER,Región Hidrográfica del Titicaca,PUNO,Intercuenca 0173,SUR,3808.0579,m.s.n.m,-1.2541,m.s.n.m,E,3810.25,LAGO TITICACA
2024-01-10,13,47256412,MUELLE ENAFER,Región Hidrográfica del Titicaca,PUNO,Intercuenca 0173,SUR,3808.0574,m.s.n.m,-1.2586,m.s.n.m,E,3810.25,LAGO TITICACA
2024-01-11,13,47256412,MUELLE ENAFER,Región Hidrográfica del Titicaca,PUNO,Intercuenca 0173,SUR,3808.05,m.s.n.m,-1.271,m.s.n.m,E,3810.25,LAGO TITICACA
2024-01-12,13,47256412,MUELLE ENAFER,Región Hidrográfica del Titicaca,PUNO,Intercuenca 0173,SUR,3808.0447,m.s.n.m,-1.2823,m.s.n.m,E,3810.25,LAGO TITICACA
2024-01-13,13,47256412,MUELLE ENAFER,Región Hidrográfica del Titicaca,PUNO,Intercuenca 0173,SUR,3808.0447,m.s.n.m,-1.2873,m.s.n.m,E,3810.25,LAGO TITICACA
2024-01-14,13,47256412,MUELLE ENAFER,Región Hidrográfica del Titicaca,PUNO,Intercuenca 0173,SUR,3808.0405,m.s.n.m,-1.2975,m.s.n.m,E,3810.25,LAGO TITICACA
2024-01-15,13,47256412,MUELLE ENAFER,Región Hidrográfica del Titicaca,PUNO,Intercuenca 0173,SUR,3808.0474,m.s.n.m,-1.2966,m.s.n.m,E,3810.25,LAGO TITICACA
2024-01-16,13,47256412,MUELLE ENAFER,Región Hidrográfica del Titicaca,PUNO,Intercuenca 0173,SUR,3808.04,m.s.n.m,-1.311,m.s.n.m,E,3810.25,LAGO TITICACA
2024-01-17,13,47256412,MUELLE ENAFER,Región Hidrográfica del Titicaca,PUNO,Intercuenca 0173,SUR,3808.0411,m.s.n.m,-1.3169,m.s.n.m,E,3810.25,LAGO TITICACA
2024-01-18,13,47256412,MUELLE ENAFER,Región Hidrográfica del Titicaca,PUNO,Intercuenca 0173,SUR,3808.0344,m.s.n.m,-1.3306,m.s.n.m,E,3810.25,LAGO TITICACA
2024-01-19,13,47256412,MUELLE ENAFER,Región Hidrográfica del Titicaca,PUNO,Intercuenca 0173,SUR,3808.0353,m.s.n.m,-1.3377,m.s.n.m,E,3810.25,LAGO TITICACA
2024-01-20,13,47256412,MUELLE ENAFER,Región Hidrográfica del Titicaca,PUNO,Intercuenca 0173,SUR,3808.0311,m.s.n.m,-1.3499,m.s.n.m,E,3810.25,LAGO TITICACA
2024-01-21,13,47256412,MUELLE ENAFER,Región Hidrográfica del Titicaca,PUNO,Intercuenca 0173,SUR,3808.0316,m.s.n.m,-1.3574,m.s.n.m,E,3810.25,LAGO TITICACA
2024-01-22,13,47256412,MUELLE ENAFER,Región Hidrográfica del Titicaca,PUNO,Intercuenca 0173,SUR,3808.0332,m.s.n.m,-1.3638,m.s.n.m,E,3810.25,LAGO TITICACA
2024-01-23,13,47256412,MUELLE ENAFER,Región Hidrográfica del Titicaca,PUNO,Intercuenca 0173,SUR,3808.0232,m.s.n.m,-1.3798,m.s.n.m,E,3810.25,LAGO TITICACA
2024-01-24,13,47256412,MUELLE ENAFER,Región Hidrográfica del Titicaca,PUNO,Intercuenca 0173,SUR,3808.02,m.s.n.m,-1.394,m.s.n.m,E,3810.25,LAGO TITICACA
2024-01-25,13,47256412,MUELLE ENAFER,Región Hidrográfica del Titicaca,PUNO,Intercuenca 0173,SUR,3808.0232,m.s.n.m,-1.3978,m.s.n.m,E,3810.25,LAGO TITICACA
2024-01-26,13,47256412,MUELLE ENAFER,Región Hidrográfica del Titicaca,PUNO,Intercuenca 0173,SUR,3808.0284,m.s.n.m,-1.4026,m.s.n.m,E,3810.25,LAGO TITICACA
2024-01-27,13,47256412,MUELLE ENAFER,Región Hidrográfica del Titicaca,PUNO,Intercuenca 0173,SUR,3808.0311,m.s.n.m,-1.4089,m.s.n.m,E,3810.25,LAGO TITICACA
2024-01-28,13,47256412,MUELLE ENAFER,Región Hidrográfica del Titicaca,PUNO,Intercuenca 0173,SUR,3808.0332,m.s.n.m,-1.4148,m.s.n.m,E,3810.25,LAGO TITICACA
2024-01-29,13,47256412,MUELLE ENAFER,Región Hidrográfica del Titicaca,PUNO,Intercuenca 0173,SUR,3808.0279,m.s.n.m,-1.4291,m.s.n.m,E,3810.25,LAGO TITICACA
2024-01-30,13,47256412,MUELLE ENAFER,Región Hidrográfica del Titicaca,PUNO,Intercuenca 0173,SUR,3808.0326,m.s.n.m,-1.4344,m.s.n.m,E,3810.25,LAGO TITICACA
2024-01-31,13,47256412,MUELLE ENAFER,Región Hidrográfica del Titicaca,PUNO,Intercuenca 0173,SUR,3808.0405,m.s.n.m,-1.4335,m.s.n.m,E,3810.25,LAGO TITICACA
2024-02-01,13,47256412,MUELLE ENAFER,Región Hidrográfica del Titicaca,PUNO,Intercuenca 0173,SUR,3808.0489,m.s.n.m,-1.4321,m.s.n.m,E,3810.25,LAGO TITICACA
2024-02-02,13,47256412,MUELLE ENAFER,Región Hidrográfica del Titicaca,PUNO,Intercuenca 0173,SUR,3808.0526,m.s.n.m,-1.4394,m.s.n.m,E,3810.25,LAGO TITICACA
2024-02-03,13,47256412,MUELLE ENAFER,Región Hidrográfica del Titicaca,PUNO,Intercuenca 0173,SUR,3808.0542,m.s.n.m,-1.4438,m.s.n.m,E,3810.25,LAGO TITICACA
2024-02-04,13,47256412,MUELLE ENAFER,Región Hidrográfica del Titicaca,PUNO,Intercuenca 0173,SUR,3808.0579,m.s.n.m,-1.4491,m.s.n.m,E,3810.25,LAGO TITICACA
2024-02-05,13,47256412,MUELLE ENAFER,Región Hidrográfica del Titicaca,PUNO,Intercuenca 0173,SUR,3808.0479,m.s.n.m,-1.4651,m.s.n.m,E,3810.25,LAGO TITICACA
2024-02-06,13,47256412,MUELLE ENAFER,Región Hidrográfica del Titicaca,PUNO,Intercuenca 0173,SUR,3808.0558,m.s.n.m,-1.4612,m.s.n.m,E,3810.25,LAGO TITICACA
2024-02-07,13,47256412,MUELLE ENAFER,Región Hidrográfica del Titicaca,PUNO,Intercuenca 0173,SUR,3808.0674,m.s.n.m,-1.4566,m.s.n.m,E,3810.25,LAGO TITICACA
2024-02-08,13,47256412,MUELLE ENAFER,Región Hidrográfica del Titicaca,PUNO,Intercuenca 0173,SUR,3808.0726,m.s.n.m,-1.4594,m.s.n.m,E,3810.25,LAGO TITICACA
2024-02-09,13,47256412,MUELLE ENAFER,Región Hidrográfica del Titicaca,PUNO,Intercuenca 0173,SUR,3808.0689,m.s.n.m,-1.4701,m.s.n.m,E,3810.25,LAGO TITICACA
2024-02-10,13,47256412,MUELLE ENAFER,Región Hidrográfica del Titicaca,PUNO,Intercuenca 0173,SUR,3808.0668,m.s.n.m,-1.4812,m.s.n.m,E,3810.25,LAGO TITICACA
2024-02-11,13,47256412,MUELLE ENAFER,Región Hidrográfica del Titicaca,PUNO,Intercuenca 0173,SUR,3808.0758,m.s.n.m,-1.4832,m.s.n.m,E,3810.25,LAGO TITICACA
2024-02-12,13,47256412,MUELLE ENAFER,Región Hidrográfica del Titicaca,PUNO,Intercuenca 0173,SUR,3808.0774,m.s.n.m,-1.4896,m.s.n.m,E,3810.25,LAGO TITICACA
2024-02-13,13,47256412,MUELLE ENAFER,Región Hidrográfica del Titicaca,PUNO,Intercuenca 0173,SUR,3808.0905,m.s.n.m,-1.4875,m.s.n.m,E,3810.25,LAGO TITICACA
2024-02-14,13,47256412,MUELLE ENAFER,Región Hidrográfica del Titicaca,PUNO,Intercuenca 0173,SUR,3808.1021,m.s.n.m,-1.4819,m.s.n.m,E,3810.25,LAGO TITICACA
2024-02-15,13,47256412,MUELLE ENAFER,Región Hidrográfica del Titicaca,PUNO,Intercuenca 0173,SUR,3808.1111,m.s.n.m,-1.4819,m.s.n.m,E,3810.25,LAGO TITICACA
2024-02-16,13,47256412,MUELLE ENAFER,Región Hidrográfica del Titicaca,PUNO,Intercuenca 0173,SUR,3808.1153,m.s.n.m,-1.4837,m.s.n.m,E,3810.25,LAGO TITICACA
2024-02-17,13,47256412,MUELLE ENAFER,Región Hidrográfica del Titicaca,PUNO,Intercuenca 0173,SUR,3808.1253,m.s.n.m,-1.4837,m.s.n.m,E,3810.25,LAGO TITICACA
2024-02-18,13,47256412,MUELLE ENAFER,Región Hidrográfica del Titicaca,PUNO,Intercuenca 0173,SUR,3808.1421,m.s.n.m,-1.4769,m.s.n.m,E,3810.25,LAGO TITICACA
2024-02-19,13,47256412,MUELLE ENAFER,Región Hidrográfica del Titicaca,PUNO,Intercuenca 0173,SUR,3808.1595,m.s.n.m,-1.4695,m.s.n.m,E,3810.25,LAGO TITICACA
2024-02-20,13,47256412,MUELLE ENAFER,Región Hidrográfica del Titicaca,PUNO,Intercuenca 0173,SUR,3808.1784,m.s.n.m,-1.4606,m.s.n.m,E,3810.25,LAGO TITICACA
2024-02-21,13,47256412,MUELLE ENAFER,Región Hidrográfica del Titicaca,PUNO,Intercuenca 0173,SUR,3808.2011,m.s.n.m,-1.4449,m.s.n.m,E,3810.25,LAGO TITICACA
2024-02-22,13,47256412,MUELLE ENAFER,Región Hidrográfica del Titicaca,PUNO,Intercuenca 0173,SUR,3808.2242,m.s.n.m,-1.4308,m.s.n.m,LA,3810.25,LAGO TITICACA
2024-02-23,13,47256412,MUELLE ENAFER,Región Hidrográfica del Titicaca,PUNO,Intercuenca 0173,SUR,3808.2295,m.s.n.m,-1.4345,m.s.n.m,E,3810.25,LAGO TITICACA
2024-02-24,13,47256412,MUELLE ENAFER,Región Hidrográfica del Titicaca,PUNO,Intercuenca 0173,SUR,3808.24,m.s.n.m,-1.432,m.s.n.m,E,3810.25,LAGO TITICACA
2024-02-25,13,47256412,MUELLE ENAFER,Región Hidrográfica del Titicaca,PUNO,Intercuenca 0173,SUR,3808.2389,m.s.n.m,-1.4391,m.s.n.m,E,3810.25,LAGO TITICACA
2024-02-26,13,47256412,MUELLE ENAFER,Región Hidrográfica del Titicaca,PUNO,Intercuenca 0173,SUR,3808.2432,m.s.n.m,-1.4428,m.s.n.m,E,3810.25,LAGO TITICACA
2024-02-27,13,47256412,MUELLE ENAFER,Región Hidrográfica del Titicaca,PUNO,Intercuenca 0173,SUR,3808.2616,m.s.n.m,-1.4314,m.s.n.m,E,3810.25,LAGO TITICACA
2024-02-28,13,47256412,MUELLE ENAFER,Región Hidrográfica del Titicaca,PUNO,Intercuenca 0173,SUR,3808.2732,m.s.n.m,-1.4288,m.s.n.m,E,3810.25,LAGO TITICACA
2024-02-29,13,47256412,MUELLE ENAFER,Región Hidrográfica del Titicaca,PUNO,Intercuenca 0173,SUR,3808.2884,m.s.n.m,-1.4736,m.s.n.m,E,3810.25,LAGO TITICACA
2024-03-01,13,47256412,MUELLE ENAFER,Región Hidrográfica del Titicaca,PUNO,Intercuenca 0173,SUR,3808.2995,m.s.n.m,-1.4135,m.s.n.m,E,3810.25,LAGO TITICACA
2024-03-02,13,47256412,MUELLE ENAFER,Región Hidrográfica del Titicaca,PUNO,Intercuenca 0173,SUR,3808.3079,m.s.n.m,-1.4111,m.s.n.m,E,3810.25,LAGO TITICACA
2024-03-03,13,47256412,MUELLE ENAFER,Región Hidrográfica del Titicaca,PUNO,Intercuenca 0173,SUR,3808.3105,m.s.n.m,-1.4125,m.s.n.m,E,3810.25,LAGO TITICACA
2024-03-04,13,47256412,MUELLE ENAFER,Región Hidrográfica del Titicaca,PUNO,Intercuenca 0173,SUR,3808.3232,m.s.n.m,-1.4058,m.s.n.m,E,3810.25,LAGO TITICACA
2024-03-05,13,47256412,MUELLE ENAFER,Región Hidrográfica del Titicaca,PUNO,Intercuenca 0173,SUR,3808.3463,m.s.n.m,-1.3917,m.s.n.m,LA,3810.25,LAGO TITICACA
2024-03-06,13,47256412,MUELLE ENAFER,Región Hidrográfica del Titicaca,PUNO,Intercuenca 0173,SUR,3808.3579,m.s.n.m,-1.3861,m.s.n.m,E,3810.25,LAGO TITICACA
2024-03-07,13,47256412,MUELLE ENAFER,Región Hidrográfica del Titicaca,PUNO,Intercuenca 0173,SUR,3808.3821,m.s.n.m,-1.3679,m.s.n.m,LA,3810.25,LAGO TITICACA
2024-03-08,13,47256412,MUELLE ENAFER,Región Hidrográfica del Titicaca,PUNO,Intercuenca 0173,SUR,3808.3989,m.s.n.m,-1.3601,m.s.n.m,E,3810.25,LAGO TITICACA
2024-03-09,13,47256412,MUELLE ENAFER,Región Hidrográfica del Titicaca,PUNO,Intercuenca 0173,SUR,3808.4221,m.s.n.m,-1.3449,m.s.n.m,LA,3810.25,LAGO TITICACA
2024-03-10,13,47256412,MUELLE ENAFER,Región Hidrográfica del Titicaca,PUNO,Intercuenca 0173,SUR,3808.4521,m.s.n.m,-1.3229,m.s.n.m,LA,3810.25,LAGO TITICACA
2024-03-11,13,47256412,MUELLE ENAFER,Región Hidrográfica del Titicaca,PUNO,Intercuenca 0173,SUR,3808.4758,m.s.n.m,-1.3062,m.s.n.m,LA,3810.25,LAGO TITICACA
2024-03-12,13,47256412,MUELLE ENAFER,Región Hidrográfica del Titicaca,PUNO,Intercuenca 0173,SUR,3808.4842,m.s.n.m,-1.3048,m.s.n.m,E,3810.25,LAGO TITICACA
2024-03-13,13,47256412,MUELLE ENAFER,Región Hidrográfica del Titicaca,PUNO,Intercuenca 0173,SUR,3808.4937,m.s.n.m,-1.3013,m.s.n.m,E,3810.25,LAGO TITICACA
2024-03-14,13,47256412,MUELLE ENAFER,Región Hidrográfica del Titicaca,PUNO,Intercuenca 0173,SUR,3808.5058,m.s.n.m,-1.2942,m.s.n.m,E,3810.25,LAGO TITICACA
2024-03-15,13,47256412,MUELLE ENAFER,Región Hidrográfica del Titicaca,PUNO,Intercuenca 0173,SUR,3808.5132,m.s.n.m,-1.2938,m.s.n.m,E,3810.25,LAGO TITICACA
2024-03-16,13,47256412,MUELLE ENAFER,Región Hidrográfica del Titicaca,PUNO,Intercuenca 0173,SUR,3808.5189,m.s.n.m,-1.2961,m.s.n.m,E,3810.25,LAGO TITICACA
2024-03-17,13,47256412,MUELLE ENAFER,Región Hidrográfica del Titicaca,PUNO,Intercuenca 0173,SUR,3808.5321,m.s.n.m,-1.2879,m.s.n.m,E,3810.25,LAGO TITICACA
2024-03-18,13,47256412,MUELLE ENAFER,Región Hidrográfica del Titicaca,PUNO,Intercuenca 0173,SUR,3808.5405,m.s.n.m,-1.2875,m.s.n.m,E,3810.25,LAGO TITICACA
2024-03-19,13,47256412,MUELLE ENAFER,Región Hidrográfica del Titicaca,PUNO,Intercuenca 0173,SUR,3808.5521,m.s.n.m,-1.2799,m.s.n.m,E,3810.25,LAGO TITICACA
2024-03-20,13,47256412,MUELLE ENAFER,Región Hidrográfica del Titicaca,PUNO,Intercuenca 0173,SUR,3808.5658,m.s.n.m,-1.2722,m.s.n.m,E,3810.25,LAGO TITICACA
2024-03-21,13,47256412,MUELLE ENAFER,Región Hidrográfica del Titicaca,PUNO,Intercuenca 0173,SUR,3808.5774,m.s.n.m,-1.2676,m.s.n.m,E,3810.25,LAGO TITICACA
2024-03-22,13,47256412,MUELLE ENAFER,Región Hidrográfica del Titicaca,PUNO,Intercuenca 0173,SUR,3808.5811,m.s.n.m,-1.2689,m.s.n.m,E,3810.25,LAGO TITICACA
2024-03-23,13,47256412,MUELLE ENAFER,Región Hidrográfica del Titicaca,PUNO,Intercuenca 0173,SUR,3808.5895,m.s.n.m,-1.2655,m.s.n.m,E,3810.25,LAGO TITICACA
2024-03-24,13,47256412,MUELLE ENAFER,Región Hidrográfica del Titicaca,PUNO,Intercuenca 0173,SUR,3808.5937,m.s.n.m,-1.2633,m.s.n.m,E,3810.25,LAGO TITICACA
2024-03-25,13,47256412,MUELLE ENAFER,Región Hidrográfica del Titicaca,PUNO,Intercuenca 0173,SUR,3808.5974,m.s.n.m,-1.2636,m.s.n.m,E,3810.25,LAGO TITICACA
2024-03-26,13,47256412,MUELLE ENAFER,Región Hidrográfica del Titicaca,PUNO,Intercuenca 0173,SUR,3808.5984,m.s.n.m,-1.2676,m.s.n.m,E,3810.25,LAGO TITICACA
2024-03-27,13,47256412,MUELLE ENAFER,Región Hidrográfica del Titicaca,PUNO,Intercuenca 0173,SUR,3808.6016,m.s.n.m,-1.2674,m.s.n.m,E,3810.25,LAGO TITICACA
2024-03-28,13,47256412,MUELLE ENAFER,Región Hidrográfica del Titicaca,PUNO,Intercuenca 0173,SUR,3808.6042,m.s.n.m,-1.2698,m.s.n.m,E,3810.25,LAGO TITICACA
2024-03-29,13,47256412,MUELLE ENAFER,Región Hidrográfica del Titicaca,PUNO,Intercuenca 0173,SUR,3808.6053,m.s.n.m,-1.2727,m.s.n.m,E,3810.25,LAGO TITICACA
2024-03-30,13,47256412,MUELLE ENAFER,Región Hidrográfica del Titicaca,PUNO,Intercuenca 0173,SUR,3808.6021,m.s.n.m,-1.2789,m.s.n.m,E,3810.25,LAGO TITICACA
2024-03-31,13,47256412,MUELLE ENAFER,Región Hidrográfica del Titicaca,PUNO,Intercuenca 0173,SUR,3808.6063,m.s.n.m,-1.2787,m.s.n.m,E,3810.25,LAGO TITICACA
2024-04-01,13,47256412,MUELLE ENAFER,Región Hidrográfica del Titicaca,PUNO,Intercuenca 0173,SUR,3808.5926,m.s.n.m,-1.2974,m.s.n.m,E,3810.25,LAGO TITICACA
2024-04-02,13,47256412,MUELLE ENAFER,Región Hidrográfica del Titicaca,PUNO,Intercuenca 0173,SUR,3808.6033,m.s.n.m,-1.2887,m.s.n.m,E,3810.25,LAGO TITICACA
2024-04-03,13,47256412,MUELLE ENAFER,Región Hidrográfica del Titicaca,PUNO,Intercuenca 0173,SUR,3808.6126,m.s.n.m,-1.2844,m.s.n.m,E,3810.25,LAGO TITICACA
2024-04-04,13,47256412,MUELLE ENAFER,Región Hidrográfica del Titicaca,PUNO,Intercuenca 0173,SUR,3808.6086,m.s.n.m,-1.2924,m.s.n.m,E,3810.25,LAGO TITICACA
2024-04-05,13,47256412,MUELLE ENAFER,Región Hidrográfica del Titicaca,PUNO,Intercuenca 0173,SUR,3808.6159,m.s.n.m,-1.2881,m.s.n.m,E,3810.25,LAGO TITICACA
2024-04-06,13,47256412,MUELLE ENAFER,Región Hidrográfica del Titicaca,PUNO,Intercuenca 0173,SUR,3808.6189,m.s.n.m,-1.2881,m.s.n.m,E,3810.25,LAGO TITICACA
2024-04-07,13,47256412,MUELLE ENAFER,Región Hidrográfica del Titicaca,PUNO,Intercuenca 0173,SUR,3808.6292,m.s.n.m,-1.2788,m.s.n.m,E,3810.25,LAGO TITICACA
2024-04-08,13,47256412,MUELLE ENAFER,Región Hidrográfica del Titicaca,PUNO,Intercuenca 0173,SUR,3808.6308,m.s.n.m,-1.2802,m.s.n.m,E,3810.25,LAGO TITICACA
2024-04-09,13,47256412,MUELLE ENAFER,Región Hidrográfica del Titicaca,PUNO,Intercuenca 0173,SUR,3808.6303,m.s.n.m,-1.2847,m.s.n.m,E,3810.25,LAGO TITICACA
2024-04-10,13,47256412,MUELLE ENAFER,Región Hidrográfica del Titicaca,PUNO,Intercuenca 0173,SUR,3808.6318,m.s.n.m,-1.2832,m.s.n.m,E,3810.25,LAGO TITICACA
2024-04-11,13,47256412,MUELLE ENAFER,Región Hidrográfica del Titicaca,PUNO,Intercuenca 0173,SUR,3808.634,m.s.n.m,-1.282,m.s.n.m,E,3810.25,LAGO TITICACA
2024-04-12,13,47256412,MUELLE ENAFER,Región Hidrográfica del Titicaca,PUNO,Intercuenca 0173,SUR,3808.6408,m.s.n.m,-1.2762,m.s.n.m,E,3810.25,LAGO TITICACA
2024-04-13,13,47256412,MUELLE ENAFER,Región Hidrográfica del Titicaca,PUNO,Intercuenca 0173,SUR,3808.6421,m.s.n.m,-1.2749,m.s.n.m,E,3810.25,LAGO TITICACA
2024-04-14,13,47256412,MUELLE ENAFER,Región Hidrográfica del Titicaca,PUNO,Intercuenca 0173,SUR,3808.6405,m.s.n.m,-1.2765,m.s.n.m,E,3810.25,LAGO TITICACA
2024-04-15,13,47256412,MUELLE ENAFER,Región Hidrográfica del Titicaca,PUNO,Intercuenca 0173,SUR,3808.6242,m.s.n.m,-1.2928,m.s.n.m,E,3810.25,LAGO TITICACA
2024-04-16,13,47256412,MUELLE ENAFER,Región Hidrográfica del Titicaca,PUNO,Intercuenca 0173,SUR,3808.635,m.s.n.m,-1.282,m.s.n.m,E,3810.25,LAGO TITICACA
2024-04-17,13,47256412,MUELLE ENAFER,Región Hidrográfica del Titicaca,PUNO,Intercuenca 0173,SUR,3808.6332,m.s.n.m,-1.2838,m.s.n.m,E,3810.25,LAGO TITICACA
2024-04-18,13,47256412,MUELLE ENAFER,Región Hidrográfica del Titicaca,PUNO,Intercuenca 0173,SUR,3808.6263,m.s.n.m,-1.2897,m.s.n.m,E,3810.25,LAGO TITICACA
2024-04-19,13,47256412,MUELLE ENAFER,Región Hidrográfica del Titicaca,PUNO,Intercuenca 0173,SUR,3808.6321,m.s.n.m,-1.2839,m.s.n.m,E,3810.25,LAGO TITICACA
2024-04-20,13,47256412,MUELLE ENAFER,Región Hidrográfica del Titicaca,PUNO,Intercuenca 0173,SUR,3808.6325,m.s.n.m,-1.2825,m.s.n.m,E,3810.25,LAGO TITICACA
2024-04-21,13,47256412,MUELLE ENAFER,Región Hidrográfica del Titicaca,PUNO,Intercuenca 0173,SUR,3808.6304,m.s.n.m,-1.2836,m.s.n.m,E,3810.25,LAGO TITICACA
2024-04-22,13,47256412,MUELLE ENAFER,Región Hidrográfica del Titicaca,PUNO,Intercuenca 0173,SUR,3808.6356,m.s.n.m,-1.2764,m.s.n.m,E,3810.25,LAGO TITICACA
2024-04-23,13,47256412,MUELLE ENAFER,Región Hidrográfica del Titicaca,PUNO,Intercuenca 0173,SUR,3808.6242,m.s.n.m,-1.2878,m.s.n.m,E,3810.25,LAGO TITICACA
2024-04-24,13,47256412,MUELLE ENAFER,Región Hidrográfica del Titicaca,PUNO,Intercuenca 0173,SUR,3808.6236,m.s.n.m,-1.2874,m.s.n.m,E,3810.25,LAGO TITICACA
2024-04-25,13,47256412,MUELLE ENAFER,Región Hidrográfica del Titicaca,PUNO,Intercuenca 0173,SUR,3808.6288,m.s.n.m,-1.2812,m.s.n.m,E,3810.25,LAGO TITICACA
2024-04-26,13,47256412,MUELLE ENAFER,Región Hidrográfica del Titicaca,PUNO,Intercuenca 0173,SUR,3808.6288,m.s.n.m,-1.2802,m.s.n.m,E,3810.25,LAGO TITICACA
2024-04-27,13,47256412,MUELLE ENAFER,Región Hidrográfica del Titicaca,PUNO,Intercuenca 0173,SUR,3808.6216,m.s.n.m,-1.2864,m.s.n.m,E,3810.25,LAGO TITICACA
2024-04-28,13,47256412,MUELLE ENAFER,Región Hidrográfica del Titicaca,PUNO,Intercuenca 0173,SUR,3808.6232,m.s.n.m,-1.2838,m.s.n.m,E,3810.25,LAGO TITICACA
2024-04-29,13,47256412,MUELLE ENAFER,Región Hidrográfica del Titicaca,PUNO,Intercuenca 0173,SUR,3808.6171,m.s.n.m,-1.2869,m.s.n.m,E,3810.25,LAGO TITICACA
2024-04-30,13,47256412,MUELLE ENAFER,Región Hidrográfica del Titicaca,PUNO,Intercuenca 0173,SUR,3808.5984,m.s.n.m,-1.3026,m.s.n.m,E,3810.25,LAGO TITICACA
2024-05-01,13,47256412,MUELLE ENAFER,Región Hidrográfica del Titicaca,PUNO,Intercuenca 0173,SUR,3808.5884,m.s.n.m,-1.3116,m.s.n.m,E,3810.25,LAGO TITICACA
2024-05-02,13,47256412,MUELLE ENAFER,Región Hidrográfica del Titicaca,PUNO,Intercuenca 0173,SUR,3808.5953,m.s.n.m,-1.3017,m.s.n.m,E,3810.25,LAGO TITICACA
2024-05-03,13,47256412,MUELLE ENAFER,Región Hidrográfica del Titicaca,PUNO,Intercuenca 0173,SUR,3808.5926,m.s.n.m,-1.3024,m.s.n.m,E,3810.25,LAGO TITICACA
2024-05-04,13,47256412,MUELLE ENAFER,Región Hidrográfica del Titicaca,PUNO,Intercuenca 0173,SUR,3808.6038,m.s.n.m,-1.2872,m.s.n.m,E,3810.25,LAGO TITICACA
2024-05-05,13,47256412,MUELLE ENAFER,Región Hidrográfica del Titicaca,PUNO,Intercuenca 0173,SUR,3808.6029,m.s.n.m,-1.2851,m.s.n.m,E,3810.25,LAGO TITICACA
2024-05-06,13,47256412,MUELLE ENAFER,Región Hidrográfica del Titicaca,PUNO,Intercuenca 0173,SUR,3808.6075,m.s.n.m,-1.2795,m.s.n.m,E,3810.25,LAGO TITICACA
2024-05-07,13,47256412,MUELLE ENAFER,Región Hidrográfica del Titicaca,PUNO,Intercuenca 0173,SUR,3808.6095,m.s.n.m,-1.2745,m.s.n.m,E,3810.25,LAGO TITICACA
2024-05-08,13,47256412,MUELLE ENAFER,Región Hidrográfica del Titicaca,PUNO,Intercuenca 0173,SUR,3808.5958,m.s.n.m,-1.2862,m.s.n.m,E,3810.25,LAGO TITICACA
2024-05-09,13,47256412,MUELLE ENAFER,Región Hidrográfica del Titicaca,PUNO,Intercuenca 0173,SUR,3808.5772,m.s.n.m,-1.3018,m.s.n.m,E,3810.25,LAGO TITICACA
2024-05-10,13,47256412,MUELLE ENAFER,Región Hidrográfica del Titicaca,PUNO,Intercuenca 0173,SUR,3808.5732,m.s.n.m,-1.3038,m.s.n.m,E,3810.25,LAGO TITICACA
2024-05-11,13,47256412,MUELLE ENAFER,Región Hidrográfica del Titicaca,PUNO,Intercuenca 0173,SUR,3808.5805,m.s.n.m,-1.2935,m.s.n.m,E,3810.25,LAGO TITICACA
2024-05-12,13,47256412,MUELLE ENAFER,Región Hidrográfica del Titicaca,PUNO,Intercuenca 0173,SUR,3808.5904,m.s.n.m,-1.2796,m.s.n.m,E,3810.25,LAGO TITICACA
2024-05-13,13,47256412,MUELLE ENAFER,Región Hidrográfica del Titicaca,PUNO,Intercuenca 0173,SUR,3808.5864,m.s.n.m,-1.2796,m.s.n.m,E,3810.25,LAGO TITICACA
2024-05-14,13,47256412,MUELLE ENAFER,Región Hidrográfica del Titicaca,PUNO,Intercuenca 0173,SUR,3808.5647,m.s.n.m,-1.2973,m.s.n.m,E,3810.25,LAGO TITICACA
2024-05-15,13,47256412,MUELLE ENAFER,Región Hidrográfica del Titicaca,PUNO,Intercuenca 0173,SUR,3808.5716,m.s.n.m,-1.2874,m.s.n.m,E,3810.25,LAGO TITICACA
2024-05-16,13,47256412,MUELLE ENAFER,Región Hidrográfica del Titicaca,PUNO,Intercuenca 0173,SUR,3808.5726,m.s.n.m,-1.2834,m.s.n.m,E,3810.25,LAGO TITICACA
2024-05-17,13,47256412,MUELLE ENAFER,Región Hidrográfica del Titicaca,PUNO,Intercuenca 0173,SUR,3808.5647,m.s.n.m,-1.2883,m.s.n.m,E,3810.25,LAGO TITICACA
2024-05-18,13,47256412,MUELLE ENAFER,Región Hidrográfica del Titicaca,PUNO,Intercuenca 0173,SUR,3808.5658,m.s.n.m,-1.2832,m.s.n.m,E,3810.25,LAGO TITICACA
2024-05-19,13,47256412,MUELLE ENAFER,Región Hidrográfica del Titicaca,PUNO,Intercuenca 0173,SUR,3808.5704,m.s.n.m,-1.2756,m.s.n.m,E,3810.25,LAGO TITICACA
2024-05-20,13,47256412,MUELLE ENAFER,Región Hidrográfica del Titicaca,PUNO,Intercuenca 0173,SUR,3808.5767,m.s.n.m,-1.2643,m.s.n.m,E,3810.25,LAGO TITICACA
2024-05-21,13,47256412,MUELLE ENAFER,Región Hidrográfica del Titicaca,PUNO,Intercuenca 0173,SUR,3808.5711,m.s.n.m,-1.2659,m.s.n.m,E,3810.25,LAGO TITICACA
2024-05-22,13,47256412,MUELLE ENAFER,Región Hidrográfica del Titicaca,PUNO,Intercuenca 0173,SUR,3808.5711,m.s.n.m,-1.2619,m.s.n.m,E,3810.25,LAGO TITICACA
2024-05-23,13,47256412,MUELLE ENAFER,Región Hidrográfica del Titicaca,PUNO,Intercuenca 0173,SUR,3808.535,m.s.n.m,-1.294,m.s.n.m,LD,3810.25,LAGO TITICACA
2024-05-24,13,47256412,MUELLE ENAFER,Región Hidrográfica del Titicaca,PUNO,Intercuenca 0173,SUR,3808.5441,m.s.n.m,-1.2799,m.s.n.m,E,3810.25,LAGO TITICACA
2024-05-25,13,47256412,MUELLE ENAFER,Región Hidrográfica del Titicaca,PUNO,Intercuenca 0173,SUR,3808.5395,m.s.n.m,-1.2795,m.s.n.m,E,3810.25,LAGO TITICACA
2024-05-26,13,47256412,MUELLE ENAFER,Región Hidrográfica del Titicaca,PUNO,Intercuenca 0173,SUR,3808.5395,m.s.n.m,-1.2755,m.s.n.m,E,3810.25,LAGO TITICACA
2024-05-27,13,47256412,MUELLE ENAFER,Región Hidrográfica del Titicaca,PUNO,Intercuenca 0173,SUR,3808.5287,m.s.n.m,-1.2823,m.s.n.m,E,3810.25,LAGO TITICACA
2024-05-28,13,47256412,MUELLE ENAFER,Región Hidrográfica del Titicaca,PUNO,Intercuenca 0173,SUR,3808.5273,m.s.n.m,-1.2807,m.s.n.m,E,3810.25,LAGO TITICACA
2024-05-29,13,47256412,MUELLE ENAFER,Región Hidrográfica del Titicaca,PUNO,Intercuenca 0173,SUR,3808.5343,m.s.n.m,-1.2687,m.s.n.m,E,3810.25,LAGO TITICACA
2024-05-30,13,47256412,MUELLE ENAFER,Región Hidrográfica del Titicaca,PUNO,Intercuenca 0173,SUR,3808.5243,m.s.n.m,-1.2727,m.s.n.m,E,3810.25,LAGO TITICACA
2024-05-31,13,47256412,MUELLE ENAFER,Región Hidrográfica del Titicaca,PUNO,Intercuenca 0173,SUR,3808.5187,m.s.n.m,-1.2753,m.s.n.m,E,3810.25,LAGO TITICACA
2024-06-01,13,47256412,MUELLE ENAFER,Región Hidrográfica del Titicaca,PUNO,Intercuenca 0173,SUR,3808.5143,m.s.n.m,-1.2747,m.s.n.m,E,3810.25,LAGO TITICACA
2024-06-02,13,47256412,MUELLE ENAFER,Región Hidrográfica del Titicaca,PUNO,Intercuenca 0173,SUR,3808.5069,m.s.n.m,-1.2771,m.s.n.m,E,3810.25,LAGO TITICACA
2024-06-03,13,47256412,MUELLE ENAFER,Región Hidrográfica del Titicaca,PUNO,Intercuenca 0173,SUR,3808.508,m.s.n.m,-1.273,m.s.n.m,E,3810.25,LAGO TITICACA
2024-06-04,13,47256412,MUELLE ENAFER,Región Hidrográfica del Titicaca,PUNO,Intercuenca 0173,SUR,3808.5101,m.s.n.m,-1.2689,m.s.n.m,E,3810.25,LAGO TITICACA
2024-06-05,13,47256412,MUELLE ENAFER,Región Hidrográfica del Titicaca,PUNO,Intercuenca 0173,SUR,3808.5064,m.s.n.m,-1.2676,m.s.n.m,E,3810.25,LAGO TITICACA
2024-06-06,13,47256412,MUELLE ENAFER,Región Hidrográfica del Titicaca,PUNO,Intercuenca 0173,SUR,3808.5017,m.s.n.m,-1.2683,m.s.n.m,E,3810.25,LAGO TITICACA
2024-06-07,13,47256412,MUELLE ENAFER,Región Hidrográfica del Titicaca,PUNO,Intercuenca 0173,SUR,3808.4901,m.s.n.m,-1.2739,m.s.n.m,E,3810.25,LAGO TITICACA
2024-06-08,13,47256412,MUELLE ENAFER,Región Hidrográfica del Titicaca,PUNO,Intercuenca 0173,SUR,3808.4879,m.s.n.m,-1.2721,m.s.n.m,E,3810.25,LAGO TITICACA
2024-06-09,13,47256412,MUELLE ENAFER,Región Hidrográfica del Titicaca,PUNO,Intercuenca 0173,SUR,3808.4901,m.s.n.m,-1.2679,m.s.n.m,E,3810.25,LAGO TITICACA
2024-06-10,13,47256412,MUELLE ENAFER,Región Hidrográfica del Titicaca,PUNO,Intercuenca 0173,SUR,3808.4748,m.s.n.m,-1.2812,m.s.n.m,E,3810.25,LAGO TITICACA
2024-06-11,13,47256412,MUELLE ENAFER,Región Hidrográfica del Titicaca,PUNO,Intercuenca 0173,SUR,3808.4703,m.s.n.m,-1.2817,m.s.n.m,E,3810.25,LAGO TITICACA
2024-06-12,13,47256412,MUELLE ENAFER,Región Hidrográfica del Titicaca,PUNO,Intercuenca 0173,SUR,3808.4745,m.s.n.m,-1.2725,m.s.n.m,E,3810.25,LAGO TITICACA
2024-06-13,13,47256412,MUELLE ENAFER,Región Hidrográfica del Titicaca,PUNO,Intercuenca 0173,SUR,3808.4664,m.s.n.m,-1.2786,m.s.n.m,E,3810.25,LAGO TITICACA
2024-06-14,13,47256412,MUELLE ENAFER,Región Hidrográfica del Titicaca,PUNO,Intercuenca 0173,SUR,3808.4701,m.s.n.m,-1.2719,m.s.n.m,E,3810.25,LAGO TITICACA
2024-06-15,13,47256412,MUELLE ENAFER,Región Hidrográfica del Titicaca,PUNO,Intercuenca 0173,SUR,3808.4748,m.s.n.m,-1.2632,m.s.n.m,E,3810.25,LAGO TITICACA
2024-06-16,13,47256412,MUELLE ENAFER,Región Hidrográfica del Titicaca,PUNO,Intercuenca 0173,SUR,3808.4702,m.s.n.m,-1.2628,m.s.n.m,E,3810.25,LAGO TITICACA
2024-06-17,13,47256412,MUELLE ENAFER,Región Hidrográfica del Titicaca,PUNO,Intercuenca 0173,SUR,3808.4229,m.s.n.m,-1.3071,m.s.n.m,D,3810.25,LAGO TITICACA
2024-06-18,13,47256412,MUELLE ENAFER,Región Hidrográfica del Titicaca,PUNO,Intercuenca 0173,SUR,3808.4134,m.s.n.m,-1.3116,m.s.n.m,E,3810.25,LAGO TITICACA
2024-06-19,13,47256412,MUELLE ENAFER,Región Hidrográfica del Titicaca,PUNO,Intercuenca 0173,SUR,3808.4058,m.s.n.m,-1.3152,m.s.n.m,E,3810.25,LAGO TITICACA
2024-06-20,13,47256412,MUELLE ENAFER,Región Hidrográfica del Titicaca,PUNO,Intercuenca 0173,SUR,3808.4237,m.s.n.m,-1.2933,m.s.n.m,LA,3810.25,LAGO TITICACA
2024-06-21,13,47256412,MUELLE ENAFER,Región Hidrográfica del Titicaca,PUNO,Intercuenca 0173,SUR,3808.4216,m.s.n.m,-1.2904,m.s.n.m,E,3810.25,LAGO TITICACA
2024-06-22,13,47256412,MUELLE ENAFER,Región Hidrográfica del Titicaca,PUNO,Intercuenca 0173,SUR,3808.4178,m.s.n.m,-1.2912,m.s.n.m,E,3810.25,LAGO TITICACA
2024-06-23,13,47256412,MUELLE ENAFER,Región Hidrográfica del Titicaca,PUNO,Intercuenca 0173,SUR,3808.4147,m.s.n.m,-1.2883,m.s.n.m,E,3810.25,LAGO TITICACA
2024-06-24,13,47256412,MUELLE ENAFER,Región Hidrográfica del Titicaca,PUNO,Intercuenca 0173,SUR,3808.4111,m.s.n.m,-1.2889,m.s.n.m,E,3810.25,LAGO TITICACA
2024-06-25,13,47256412,MUELLE ENAFER,Región Hidrográfica del Titicaca,PUNO,Intercuenca 0173,SUR,3808.4068,m.s.n.m,-1.2902,m.s.n.m,E,3810.25,LAGO TITICACA
2024-06-26,13,47256412,MUELLE ENAFER,Región Hidrográfica del Titicaca,PUNO,Intercuenca 0173,SUR,3808.4011,m.s.n.m,-1.2919,m.s.n.m,E,3810.25,LAGO TITICACA
2024-06-27,13,47256412,MUELLE ENAFER,Región Hidrográfica del Titicaca,PUNO,Intercuenca 0173,SUR,3808.3963,m.s.n.m,-1.2917,m.s.n.m,E,3810.25,LAGO TITICACA
2024-06-28,13,47256412,MUELLE ENAFER,Región Hidrográfica del Titicaca,PUNO,Intercuenca 0173,SUR,3808.3926,m.s.n.m,-1.2914,m.s.n.m,E,3810.25,LAGO TITICACA
2024-06-29,13,47256412,MUELLE ENAFER,Región Hidrográfica del Titicaca,PUNO,Intercuenca 0173,SUR,3808.3905,m.s.n.m,-1.2895,m.s.n.m,E,3810.25,LAGO TITICACA
2024-06-30,13,47256412,MUELLE ENAFER,Región Hidrográfica del Titicaca,PUNO,Intercuenca 0173,SUR,3808.3847,m.s.n.m,-1.2893,m.s.n.m,E,3810.25,LAGO TITICACA
2024-07-01,13,47256412,MUELLE ENAFER,Región Hidrográfica del Titicaca,PUNO,Intercuenca 0173,SUR,3808.38,m.s.n.m,-1.29,m.s.n.m,E,3810.25,LAGO TITICACA
2024-07-02,13,47256412,MUELLE ENAFER,Región Hidrográfica del Titicaca,PUNO,Intercuenca 0173,SUR,3808.3726,m.s.n.m,-1.2944,m.s.n.m,E,3810.25,LAGO TITICACA
2024-07-03,13,47256412,MUELLE ENAFER,Región Hidrográfica del Titicaca,PUNO,Intercuenca 0173,SUR,3808.3711,m.s.n.m,-1.2939,m.s.n.m,E,3810.25,LAGO TITICACA
2024-07-04,13,47256412,MUELLE ENAFER,Región Hidrográfica del Titicaca,PUNO,Intercuenca 0173,SUR,3808.3668,m.s.n.m,-1.2922,m.s.n.m,E,3810.25,LAGO TITICACA
2024-07-05,13,47256412,MUELLE ENAFER,Región Hidrográfica del Titicaca,PUNO,Intercuenca 0173,SUR,3808.3668,m.s.n.m,-1.2912,m.s.n.m,E,3810.25,LAGO TITICACA
2024-07-06,13,47256412,MUELLE ENAFER,Región Hidrográfica del Titicaca,PUNO,Intercuenca 0173,SUR,3808.3626,m.s.n.m,-1.2914,m.s.n.m,E,3810.25,LAGO TITICACA
2024-07-07,13,47256412,MUELLE ENAFER,Región Hidrográfica del Titicaca,PUNO,Intercuenca 0173,SUR,3808.3584,m.s.n.m,-1.2916,m.s.n.m,E,3810.25,LAGO TITICACA
2024-07-08,13,47256412,MUELLE ENAFER,Región Hidrográfica del Titicaca,PUNO,Intercuenca 0173,SUR,3808.3421,m.s.n.m,-1.3039,m.s.n.m,E,3810.25,LAGO TITICACA
2024-07-09,13,47256412,MUELLE ENAFER,Región Hidrográfica del Titicaca,PUNO,Intercuenca 0173,SUR,3808.3353,m.s.n.m,-1.3057,m.s.n.m,E,3810.25,LAGO TITICACA
2024-07-10,13,47256412,MUELLE ENAFER,Región Hidrográfica del Titicaca,PUNO,Intercuenca 0173,SUR,3808.3132,m.s.n.m,-1.3228,m.s.n.m,LD,3810.25,LAGO TITICACA
2024-07-11,13,47256412,MUELLE ENAFER,Región Hidrográfica del Titicaca,PUNO,Intercuenca 0173,SUR,3808.3026,m.s.n.m,-1.3304,m.s.n.m,E,3810.25,LAGO TITICACA
2024-07-12,13,47256412,MUELLE ENAFER,Región Hidrográfica del Titicaca,PUNO,Intercuenca 0173,SUR,3808.3111,m.s.n.m,-1.3169,m.s.n.m,E,3810.25,LAGO TITICACA
2024-07-13,13,47256412,MUELLE ENAFER,Región Hidrográfica del Titicaca,PUNO,Intercuenca 0173,SUR,3808.3105,m.s.n.m,-1.3125,m.s.n.m,E,3810.25,LAGO TITICACA
2024-07-14,13,47256412,MUELLE ENAFER,Región Hidrográfica del Titicaca,PUNO,Intercuenca 0173,SUR,3808.3037,m.s.n.m,-1.3163,m.s.n.m,E,3810.25,LAGO TITICACA
2024-07-15,13,47256412,MUELLE ENAFER,Región Hidrográfica del Titicaca,PUNO,Intercuenca 0173,SUR,3808.3042,m.s.n.m,-1.3118,m.s.n.m,E,3810.25,LAGO TITICACA
2024-07-16,13,47256412,MUELLE ENAFER,Región Hidrográfica del Titicaca,PUNO,Intercuenca 0173,SUR,3808.2995,m.s.n.m,-1.3125,m.s.n.m,E,3810.25,LAGO TITICACA
2024-07-17,13,47256412,MUELLE ENAFER,Región Hidrográfica del Titicaca,PUNO,Intercuenca 0173,SUR,3808.2989,m.s.n.m,-1.3101,m.s.n.m,E,3810.25,LAGO TITICACA
2024-07-18,13,47256412,MUELLE ENAFER,Región Hidrográfica del Titicaca,PUNO,Intercuenca 0173,SUR,3808.2905,m.s.n.m,-1.3135,m.s.n.m,E,3810.25,LAGO TITICACA
2024-07-19,13,47256412,MUELLE ENAFER,Región Hidrográfica del Titicaca,PUNO,Intercuenca 0173,SUR,3808.2884,m.s.n.m,-1.3116,m.s.n.m,E,3810.25,LAGO TITICACA
2024-07-20,13,47256412,MUELLE ENAFER,Región Hidrográfica del Titicaca,PUNO,Intercuenca 0173,SUR,3808.2805,m.s.n.m,-1.3165,m.s.n.m,E,3810.25,LAGO TITICACA
2024-07-21,13,47256412,MUELLE ENAFER,Región Hidrográfica del Titicaca,PUNO,Intercuenca 0173,SUR,3808.2753,m.s.n.m,-1.3157,m.s.n.m,E,3810.25,LAGO TITICACA
2024-07-22,13,47256412,MUELLE ENAFER,Región Hidrográfica del Titicaca,PUNO,Intercuenca 0173,SUR,3808.2747,m.s.n.m,-1.3133,m.s.n.m,E,3810.25,LAGO TITICACA
2024-07-23,13,47256412,MUELLE ENAFER,Región Hidrográfica del Titicaca,PUNO,Intercuenca 0173,SUR,3808.2679,m.s.n.m,-1.3171,m.s.n.m,E,3810.25,LAGO TITICACA
2024-07-24,13,47256412,MUELLE ENAFER,Región Hidrográfica del Titicaca,PUNO,Intercuenca 0173,SUR,3808.2653,m.s.n.m,-1.3157,m.s.n.m,E,3810.25,LAGO TITICACA
2024-07-25,13,47256412,MUELLE ENAFER,Región Hidrográfica del Titicaca,PUNO,Intercuenca 0173,SUR,3808.2595,m.s.n.m,-1.3165,m.s.n.m,E,3810.25,LAGO TITICACA
2024-07-26,13,47256412,MUELLE ENAFER,Región Hidrográfica del Titicaca,PUNO,Intercuenca 0173,SUR,3808.2574,m.s.n.m,-1.3136,m.s.n.m,E,3810.25,LAGO TITICACA
2024-07-27,13,47256412,MUELLE ENAFER,Región Hidrográfica del Titicaca,PUNO,Intercuenca 0173,SUR,3808.2526,m.s.n.m,-1.3144,m.s.n.m,E,3810.25,LAGO TITICACA
2024-07-28,13,47256412,MUELLE ENAFER,Región Hidrográfica del Titicaca,PUNO,Intercuenca 0173,SUR,3808.2479,m.s.n.m,-1.3151,m.s.n.m,E,3810.25,LAGO TITICACA
2024-07-29,13,47256412,MUELLE ENAFER,Región Hidrográfica del Titicaca,PUNO,Intercuenca 0173,SUR,3808.2489,m.s.n.m,-1.3101,m.s.n.m,E,3810.25,LAGO TITICACA
2024-07-30,13,47256412,MUELLE ENAFER,Región Hidrográfica del Titicaca,PUNO,Intercuenca 0173,SUR,3808.2437,m.s.n.m,-1.3123,m.s.n.m,E,3810.25,LAGO TITICACA
2024-07-31,13,47256412,MUELLE ENAFER,Región Hidrográfica del Titicaca,PUNO,Intercuenca 0173,SUR,3808.2411,m.s.n.m,-1.3099,m.s.n.m,E,3810.25,LAGO TITICACA
2024-08-01,13,47256412,MUELLE ENAFER,Región Hidrográfica del Titicaca,PUNO,Intercuenca 0173,SUR,3808.2347,m.s.n.m,-1.3123,m.s.n.m,E,3810.25,LAGO TITICACA
2024-08-02,13,47256412,MUELLE ENAFER,Región Hidrográfica del Titicaca,PUNO,Intercuenca 0173,SUR,3808.2326,m.s.n.m,-1.3084,m.s.n.m,E,3810.25,LAGO TITICACA
2024-08-03,13,47256412,MUELLE ENAFER,Región Hidrográfica del Titicaca,PUNO,Intercuenca 0173,SUR,3808.2253,m.s.n.m,-1.3127,m.s.n.m,E,3810.25,LAGO TITICACA
2024-08-04,13,47256412,MUELLE ENAFER,Región Hidrográfica del Titicaca,PUNO,Intercuenca 0173,SUR,3808.2232,m.s.n.m,-1.3108,m.s.n.m,E,3810.25,LAGO TITICACA
2024-08-05,13,47256412,MUELLE ENAFER,Región Hidrográfica del Titicaca,PUNO,Intercuenca 0173,SUR,3808.2095,m.s.n.m,-1.3215,m.s.n.m,E,3810.25,LAGO TITICACA
2024-08-06,13,47256412,MUELLE ENAFER,Región Hidrográfica del Titicaca,PUNO,Intercuenca 0173,SUR,3808.2042,m.s.n.m,-1.3238,m.s.n.m,E,3810.25,LAGO TITICACA
2024-08-07,13,47256412,MUELLE ENAFER,Región Hidrográfica del Titicaca,PUNO,Intercuenca 0173,SUR,3808.1968,m.s.n.m,-1.3272,m.s.n.m,E,3810.25,LAGO TITICACA
2024-08-08,13,47256412,MUELLE ENAFER,Región Hidrográfica del Titicaca,PUNO,Intercuenca 0173,SUR,3808.1958,m.s.n.m,-1.3232,m.s.n.m,E,3810.25,LAGO TITICACA
2024-08-09,13,47256412,MUELLE ENAFER,Región Hidrográfica del Titicaca,PUNO,Intercuenca 0173,SUR,3808.1905,m.s.n.m,-1.3255,m.s.n.m,E,3810.25,LAGO TITICACA
2024-08-10,13,47256412,MUELLE ENAFER,Región Hidrográfica del Titicaca,PUNO,Intercuenca 0173,SUR,3808.1842,m.s.n.m,-1.3288,m.s.n.m,E,3810.25,LAGO TITICACA
2024-08-11,13,47256412,MUELLE ENAFER,Región Hidrográfica del Titicaca,PUNO,Intercuenca 0173,SUR,3808.1842,m.s.n.m,-1.3248,m.s.n.m,E,3810.25,LAGO TITICACA
2024-08-12,13,47256412,MUELLE ENAFER,Región Hidrográfica del Titicaca,PUNO,Intercuenca 0173,SUR,3808.1805,m.s.n.m,-1.3255,m.s.n.m,E,3810.25,LAGO TITICACA
2024-08-13,13,47256412,MUELLE ENAFER,Región Hidrográfica del Titicaca,PUNO,Intercuenca 0173,SUR,3808.1768,m.s.n.m,-1.3262,m.s.n.m,E,3810.25,LAGO TITICACA
2024-08-14,13,47256412,MUELLE ENAFER,Región Hidrográfica del Titicaca,PUNO,Intercuenca 0173,SUR,3808.1737,m.s.n.m,-1.3243,m.s.n.m,E,3810.25,LAGO TITICACA
2024-08-15,13,47256412,MUELLE ENAFER,Región Hidrográfica del Titicaca,PUNO,Intercuenca 0173,SUR,3808.1684,m.s.n.m,-1.3246,m.s.n.m,E,3810.25,LAGO TITICACA
2024-08-16,13,47256412,MUELLE ENAFER,Región Hidrográfica del Titicaca,PUNO,Intercuenca 0173,SUR,3808.1642,m.s.n.m,-1.3258,m.s.n.m,E,3810.25,LAGO TITICACA
2024-08-17,13,47256412,MUELLE ENAFER,Región Hidrográfica del Titicaca,PUNO,Intercuenca 0173,SUR,3808.1637,m.s.n.m,-1.3223,m.s.n.m,E,3810.25,LAGO TITICACA
2024-08-18,13,47256412,MUELLE ENAFER,Región Hidrográfica del Titicaca,PUNO,Intercuenca 0173,SUR,3808.1605,m.s.n.m,-1.3205,m.s.n.m,E,3810.25,LAGO TITICACA
2024-08-19,13,47256412,MUELLE ENAFER,Región Hidrográfica del Titicaca,PUNO,Intercuenca 0173,SUR,3808.1563,m.s.n.m,-1.3237,m.s.n.m,E,3810.25,LAGO TITICACA
2024-08-20,13,47256412,MUELLE ENAFER,Región Hidrográfica del Titicaca,PUNO,Intercuenca 0173,SUR,3808.1532,m.s.n.m,-1.3228,m.s.n.m,E,3810.25,LAGO TITICACA
2024-08-21,13,47256412,MUELLE ENAFER,Región Hidrográfica del Titicaca,PUNO,Intercuenca 0173,SUR,3808.14,m.s.n.m,-1.334,m.s.n.m,E,3810.25,LAGO TITICACA
2024-08-22,13,47256412,MUELLE ENAFER,Región Hidrográfica del Titicaca,PUNO,Intercuenca 0173,SUR,3808.1389,m.s.n.m,-1.3321,m.s.n.m,E,3810.25,LAGO TITICACA
2024-08-23,13,47256412,MUELLE ENAFER,Región Hidrográfica del Titicaca,PUNO,Intercuenca 0173,SUR,3808.1321,m.s.n.m,-1.3349,m.s.n.m,E,3810.25,LAGO TITICACA
2024-08-24,13,47256412,MUELLE ENAFER,Región Hidrográfica del Titicaca,PUNO,Intercuenca 0173,SUR,3808.1268,m.s.n.m,-1.3372,m.s.n.m,E,3810.25,LAGO TITICACA
2024-08-25,13,47256412,MUELLE ENAFER,Región Hidrográfica del Titicaca,PUNO,Intercuenca 0173,SUR,3808.1263,m.s.n.m,-1.3337,m.s.n.m,E,3810.25,LAGO TITICACA
2024-08-26,13,47256412,MUELLE ENAFER,Región Hidrográfica del Titicaca,PUNO,Intercuenca 0173,SUR,3808.1232,m.s.n.m,-1.3328,m.s.n.m,E,3810.25,LAGO TITICACA
2024-08-27,13,47256412,MUELLE ENAFER,Región Hidrográfica del Titicaca,PUNO,Intercuenca 0173,SUR,3808.1232,m.s.n.m,-1.3308,m.s.n.m,E,3810.25,LAGO TITICACA
2024-08-28,13,47256412,MUELLE ENAFER,Región Hidrográfica del Titicaca,PUNO,Intercuenca 0173,SUR,3808.1221,m.s.n.m,-1.3289,m.s.n.m,E,3810.25,LAGO TITICACA
2024-08-29,13,47256412,MUELLE ENAFER,Región Hidrográfica del Titicaca,PUNO,Intercuenca 0173,SUR,3808.1179,m.s.n.m,-1.3301,m.s.n.m,E,3810.25,LAGO TITICACA
2024-08-30,13,47256412,MUELLE ENAFER,Región Hidrográfica del Titicaca,PUNO,Intercuenca 0173,SUR,3808.1126,m.s.n.m,-1.3314,m.s.n.m,E,3810.25,LAGO TITICACA
2024-08-31,13,47256412,MUELLE ENAFER,Región Hidrográfica del Titicaca,PUNO,Intercuenca 0173,SUR,3808.1137,m.s.n.m,-1.3273,m.s.n.m,E,3810.25,LAGO TITICACA
2024-09-01,13,47256412,MUELLE ENAFER,Región Hidrográfica del Titicaca,PUNO,Intercuenca 0173,SUR,3808.0884,m.s.n.m,-1.3966,m.s.n.m,E,3810.25,LAGO TITICACA
2024-09-01,13,47256412,MUELLE ENAFER,Región Hidrográfica del Titicaca,PUNO,Intercuenca 0173,SUR,3808.1042,m.s.n.m,-1.3868,m.s.n.m,E,3810.25,LAGO TITICACA
2024-09-02,13,47256412,MUELLE ENAFER,Región Hidrográfica del Titicaca,PUNO,Intercuenca 0173,SUR,3808.0989,m.s.n.m,-1.3901,m.s.n.m,E,3810.25,LAGO TITICACA
2024-09-03,13,47256412,MUELLE ENAFER,Región Hidrográfica del Titicaca,PUNO,Intercuenca 0173,SUR,3808.0884,m.s.n.m,-1.3966,m.s.n.m,E,3810.25,LAGO TITICACA
2024-09-04,13,47256412,MUELLE ENAFER,Región Hidrográfica del Titicaca,PUNO,Intercuenca 0173,SUR,3808.0874,m.s.n.m,-1.3946,m.s.n.m,E,3810.25,LAGO TITICACA
2024-09-05,13,47256412,MUELLE ENAFER,Región Hidrográfica del Titicaca,PUNO,Intercuenca 0173,SUR,3808.0858,m.s.n.m,-1.3922,m.s.n.m,E,3810.25,LAGO TITICACA
2024-09-06,13,47256412,MUELLE ENAFER,Región Hidrográfica del Titicaca,PUNO,Intercuenca 0173,SUR,3808.0779,m.s.n.m,-1.3951,m.s.n.m,E,3810.25,LAGO TITICACA
2024-09-07,13,47256412,MUELLE ENAFER,Región Hidrográfica del Titicaca,PUNO,Intercuenca 0173,SUR,3808.0779,m.s.n.m,-1.3941,m.s.n.m,E,3810.25,LAGO TITICACA
2024-09-08,13,47256412,MUELLE ENAFER,Región Hidrográfica del Titicaca,PUNO,Intercuenca 0173,SUR,3808.0695,m.s.n.m,-1.3985,m.s.n.m,E,3810.25,LAGO TITICACA
2024-09-09,13,47256412,MUELLE ENAFER,Región Hidrográfica del Titicaca,PUNO,Intercuenca 0173,SUR,3808.0632,m.s.n.m,-1.4008,m.s.n.m,E,3810.25,LAGO TITICACA
2024-09-10,13,47256412,MUELLE ENAFER,Región Hidrográfica del Titicaca,PUNO,Intercuenca 0173,SUR,3808.0621,m.s.n.m,-1.3999,m.s.n.m,E,3810.25,LAGO TITICACA
2024-09-11,13,47256412,MUELLE ENAFER,Región Hidrográfica del Titicaca,PUNO,Intercuenca 0173,SUR,3808.0616,m.s.n.m,-1.3974,m.s.n.m,E,3810.25,LAGO TITICACA
2024-09-12,13,47256412,MUELLE ENAFER,Región Hidrográfica del Titicaca,PUNO,Intercuenca 0173,SUR,3808.0605,m.s.n.m,-1.3935,m.s.n.m,E,3810.25,LAGO TITICACA
2024-09-13,13,47256412,MUELLE ENAFER,Región Hidrográfica del Titicaca,PUNO,Intercuenca 0173,SUR,3808.0526,m.s.n.m,-1.3984,m.s.n.m,E,3810.25,LAGO TITICACA
2024-09-14,13,47256412,MUELLE ENAFER,Región Hidrográfica del Titicaca,PUNO,Intercuenca 0173,SUR,3808.0542,m.s.n.m,-1.3948,m.s.n.m,E,3810.25,LAGO TITICACA
2024-09-15,13,47256412,MUELLE ENAFER,Región Hidrográfica del Titicaca,PUNO,Intercuenca 0173,SUR,3808.0532,m.s.n.m,-1.3918,m.s.n.m,E,3810.25,LAGO TITICACA
2024-09-16,13,47256412,MUELLE ENAFER,Región Hidrográfica del Titicaca,PUNO,Intercuenca 0173,SUR,3808.0532,m.s.n.m,-1.3888,m.s.n.m,E,3810.25,LAGO TITICACA
2024-09-17,13,47256412,MUELLE ENAFER,Región Hidrográfica del Titicaca,PUNO,Intercuenca 0173,SUR,3808.0447,m.s.n.m,-1.3943,m.s.n.m,E,3810.25,LAGO TITICACA
2024-09-18,13,47256412,MUELLE ENAFER,Región Hidrográfica del Titicaca,PUNO,Intercuenca 0173,SUR,3808.0426,m.s.n.m,-1.3934,m.s.n.m,E,3810.25,LAGO TITICACA
2024-09-19,13,47256412,MUELLE ENAFER,Región Hidrográfica del Titicaca,PUNO,Intercuenca 0173,SUR,3808.0405,m.s.n.m,-1.3935,m.s.n.m,E,3810.25,LAGO TITICACA
2024-09-20,13,47256412,MUELLE ENAFER,Región Hidrográfica del Titicaca,PUNO,Intercuenca 0173,SUR,3808.0374,m.s.n.m,-1.3936,m.s.n.m,E,3810.25,LAGO TITICACA
2024-09-21,13,47256412,MUELLE ENAFER,Región Hidrográfica del Titicaca,PUNO,Intercuenca 0173,SUR,3808.0321,m.s.n.m,-1.3959,m.s.n.m,E,3810.25,LAGO TITICACA
2024-09-22,13,47256412,MUELLE ENAFER,Región Hidrográfica del Titicaca,PUNO,Intercuenca 0173,SUR,3808.0284,m.s.n.m,-1.3966,m.s.n.m,E,3810.25,LAGO TITICACA
2024-09-23,13,47256412,MUELLE ENAFER,Región Hidrográfica del Titicaca,PUNO,Intercuenca 0173,SUR,3808.0268,m.s.n.m,-1.3962,m.s.n.m,E,3810.25,LAGO TITICACA
2024-09-24,13,47256412,MUELLE ENAFER,Región Hidrográfica del Titicaca,PUNO,Intercuenca 0173,SUR,3808.0258,m.s.n.m,-1.3942,m.s.n.m,E,3810.25,LAGO TITICACA
2024-09-24,13,47256412,MUELLE ENAFER,Región Hidrográfica del Titicaca,PUNO,Intercuenca 0173,SUR,3808.0147,m.s.n.m,-1.3973,m.s.n.m,E,3810.25,LAGO TITICACA
2024-09-25,13,47256412,MUELLE ENAFER,Región Hidrográfica del Titicaca,PUNO,Intercuenca 0173,SUR,3808.0211,m.s.n.m,-1.3959,m.s.n.m,E,3810.25,LAGO TITICACA
2024-09-26,13,47256412,MUELLE ENAFER,Región Hidrográfica del Titicaca,PUNO,Intercuenca 0173,SUR,3808.0211,m.s.n.m,-1.3929,m.s.n.m,E,3810.25,LAGO TITICACA
2024-09-27,13,47256412,MUELLE ENAFER,Región Hidrográfica del Titicaca,PUNO,Intercuenca 0173,SUR,3808.0147,m.s.n.m,-1.3973,m.s.n.m,E,3810.25,LAGO TITICACA
2024-09-28,13,47256412,MUELLE ENAFER,Región Hidrográfica del Titicaca,PUNO,Intercuenca 0173,SUR,3808.0126,m.s.n.m,-1.3964,m.s.n.m,E,3810.25,LAGO TITICACA
2024-09-29,13,47256412,MUELLE ENAFER,Región Hidrográfica del Titicaca,PUNO,Intercuenca 0173,SUR,3808.01,m.s.n.m,-1.397,m.s.n.m,E,3810.25,LAGO TITICACA
2024-09-30,13,47256412,MUELLE ENAFER,Región Hidrográfica del Titicaca,PUNO,Intercuenca 0173,SUR,3808.0089,m.s.n.m,-1.3961,m.s.n.m,E,3810.25,LAGO TITICACA
2024-10-01,13,47256412,MUELLE ENAFER,Región Hidrográfica del Titicaca,PUNO,Intercuenca 0173,SUR,3807.9989,m.s.n.m,-1.4031,m.s.n.m,E,3810.25,LAGO TITICACA
2024-10-02,13,47256412,MUELLE ENAFER,Región Hidrográfica del Titicaca,PUNO,Intercuenca 0173,SUR,3807.9989,m.s.n.m,-1.3981,m.s.n.m,E,3810.25,LAGO TITICACA
2024-10-03,13,47256412,MUELLE ENAFER,Región Hidrográfica del Titicaca,PUNO,Intercuenca 0173,SUR,3807.9916,m.s.n.m,-1.4014,m.s.n.m,E,3810.25,LAGO TITICACA
2024-10-04,13,47256412,MUELLE ENAFER,Región Hidrográfica del Titicaca,PUNO,Intercuenca 0173,SUR,3807.9895,m.s.n.m,-1.4005,m.s.n.m,E,3810.25,LAGO TITICACA
2024-10-05,13,47256412,MUELLE ENAFER,Región Hidrográfica del Titicaca,PUNO,Intercuenca 0173,SUR,3807.9879,m.s.n.m,-1.3991,m.s.n.m,E,3810.25,LAGO TITICACA
2024-10-06,13,47256412,MUELLE ENAFER,Región Hidrográfica del Titicaca,PUNO,Intercuenca 0173,SUR,3807.9832,m.s.n.m,-1.4008,m.s.n.m,E,3810.25,LAGO TITICACA
2024-10-07,13,47256412,MUELLE ENAFER,Región Hidrográfica del Titicaca,PUNO,Intercuenca 0173,SUR,3807.9795,m.s.n.m,-1.4025,m.s.n.m,E,3810.25,LAGO TITICACA
2024-10-08,13,47256412,MUELLE ENAFER,Región Hidrográfica del Titicaca,PUNO,Intercuenca 0173,SUR,3807.9653,m.s.n.m,-1.4137,m.s.n.m,E,3810.25,LAGO TITICACA
2024-10-09,13,47256412,MUELLE ENAFER,Región Hidrográfica del Titicaca,PUNO,Intercuenca 0173,SUR,3807.9726,m.s.n.m,-1.4044,m.s.n.m,E,3810.25,LAGO TITICACA
2024-10-10,13,47256412,MUELLE ENAFER,Región Hidrográfica del Titicaca,PUNO,Intercuenca 0173,SUR,3807.9653,m.s.n.m,-1.4097,m.s.n.m,E,3810.25,LAGO TITICACA
2024-10-11,13,47256412,MUELLE ENAFER,Región Hidrográfica del Titicaca,PUNO,Intercuenca 0173,SUR,3807.9642,m.s.n.m,-1.4078,m.s.n.m,E,3810.25,LAGO TITICACA
2024-10-12,13,47256412,MUELLE ENAFER,Región Hidrográfica del Titicaca,PUNO,Intercuenca 0173,SUR,3807.9637,m.s.n.m,-1.4063,m.s.n.m,E,3810.25,LAGO TITICACA
2024-10-13,13,47256412,MUELLE ENAFER,Región Hidrográfica del Titicaca,PUNO,Intercuenca 0173,SUR,3807.96,m.s.n.m,-1.409,m.s.n.m,E,3810.25,LAGO TITICACA
