fecha,codZonal,codEsta,nomEsta,uniHidrografica,nomDepa,nomSector,dato,datoAnt,unidad,datAnomalia,uniAnomalia,tendencia,umbralRojo,cuerpoAgua
1982-10-01,13,47256412,MUELLE ENAFER,Región Hidrográfica del Titicaca,PUNO,SUR,3810.35,3810.41,m.s.n.m,0.99,m.s.n.m,D,3810.25,LAGO TITICACA
1982-11-01,13,47256412,MUELLE ENAFER,Región Hidrográfica del Titicaca,PUNO,SUR,3810.32,3810.35,m.s.n.m,1.04,m.s.n.m,LD,3810.25,LAGO TITICACA
1982-12-01,13,47256412,MUELLE ENAFER,Región Hidrográfica del Titicaca,PUNO,SUR,3810.32,3810.32,m.s.n.m,1.07,m.s.n.m,E,3810.25,LAGO TITICACA
1983-01-01,13,47256412,MUELLE ENAFER,Región Hidrográfica del Titicaca,PUNO,SUR,3810.25,3810.32,m.s.n.m,0.89,m.s.n.m,D,3810.25,LAGO TITICACA
1983-02-01,13,47256412,MUELLE ENAFER,Región Hidrográfica del Titicaca,PUNO,SUR,3810.24,3810.25,m.s.n.m,0.64,m.s.n.m,E,3810.25,LAGO TITICACA
1983-03-01,13,47256412,MUELLE ENAFER,Región Hidrográfica del Titicaca,PUNO,SUR,3810.21,3810.24,m.s.n.m,0.4,m.s.n.m,LD,3810.25,LAGO TITICACA
1983-04-01,13,47256412,MUELLE ENAFER,Región Hidrográfica del Titicaca,PUNO,SUR,3810.17,3810.21,m.s.n.m,0.26,m.s.n.m,D,3810.25,LAGO TITICACA
1983-05-01,13,47256412,MUELLE ENAFER,Región Hidrográfica del Titicaca,PUNO,SUR,3810.09,3810.17,m.s.n.m,0.24,m.s.n.m,D,3810.25,LAGO TITICACA
1983-06-01,13,47256412,MUELLE ENAFER,Región Hidrográfica del Titicaca,PUNO,SUR,3809.92,3810.09,m.s.n.m,0.19,m.s.n.m,D,3810.25,LAGO TITICACA
1983-07-01,13,47256412,MUELLE ENAFER,Región Hidrográfica del Titicaca,PUNO,SUR,3809.78,3809.92,m.s.n.m,0.17,m.s.n.m,D,3810.25,LAGO TITICACA
1983-08-01,13,47256412,MUELLE ENAFER,Región Hidrográfica del Titicaca,PUNO,SUR,3809.66,3809.78,m.s.n.m,0.17,m.s.n.m,D,3810.25,LAGO TITICACA
1983-09-01,13,47256412,MUELLE ENAFER,Región Hidrográfica del Titicaca,PUNO,SUR,3809.55,3809.66,m.s.n.m,0.11,m.s.n.m,D,3810.25,LAGO TITICACA
1983-10-01,13,47256412,MUELLE ENAFER,Región Hidrográfica del Titicaca,PUNO,SUR,3809.51,3809.55,m.s.n.m,0.15,m.s.n.m,D,3810.25,LAGO TITICACA
1983-11-01,13,47256412,MUELLE ENAFER,Región Hidrográfica del Titicaca,PUNO,SUR,3809.37,3809.51,m.s.n.m,0.09,m.s.n.m,D,3810.25,LAGO TITICACA
1983-12-01,13,47256412,MUELLE ENAFER,Región Hidrográfica del Titicaca,PUNO,SUR,3809.31,3809.37,m.s.n.m,0.07,m.s.n.m,D,3810.25,LAGO TITICACA
1984-01-01,13,47256412,MUELLE ENAFER,Región Hidrográfica del Titicaca,PUNO,SUR,3809.5,3809.31,m.s.n.m,0.14,m.s.n.m,A,3810.25,LAGO TITICACA
1984-02-01,13,47256412,MUELLE ENAFER,Región Hidrográfica del Titicaca,PUNO,SUR,3810.14,3809.5,m.s.n.m,0.54,m.s.n.m,A,3810.25,LAGO TITICACA
1984-03-01,13,47256412,MUELLE ENAFER,Región Hidrográfica del Titicaca,PUNO,SUR,3810.72,3810.14,m.s.n.m,0.91,m.s.n.m,A,3810.25,LAGO TITICACA
1984-04-01,13,47256412,MUELLE ENAFER,Región Hidrográfica del Titicaca,PUNO,SUR,3810.97,3810.72,m.s.n.m,1.06,m.s.n.m,A,3810.25,LAGO TITICACA
1984-05-01,13,47256412,MUELLE ENAFER,Región Hidrográfica del Titicaca,PUNO,SUR,3810.91,3810.97,m.s.n.m,1.06,m.s.n.m,D,3810.25,LAGO TITICACA
1984-06-01,13,47256412,MUELLE ENAFER,Región Hidrográfica del Titicaca,PUNO,SUR,3810.8,3810.91,m.s.n.m,1.07,m.s.n.m,D,3810.25,LAGO TITICACA
1984-07-01,13,47256412,MUELLE ENAFER,Región Hidrográfica del Titicaca,PUNO,SUR,3810.67,3810.8,m.s.n.m,1.06,m.s.n.m,D,3810.25,LAGO TITICACA
1984-08-01,13,47256412,MUELLE ENAFER,Región Hidrográfica del Titicaca,PUNO,SUR,3810.54,3810.67,m.s.n.m,1.05,m.s.n.m,D,3810.25,LAGO TITICACA
1984-09-01,13,47256412,MUELLE ENAFER,Región Hidrográfica del Titicaca,PUNO,SUR,3810.4,3810.54,m.s.n.m,0.95,m.s.n.m,D,3810.25,LAGO TITICACA
1984-10-01,13,47256412,MUELLE ENAFER,Región Hidrográfica del Titicaca,PUNO,SUR,3810.31,3810.4,m.s.n.m,0.95,m.s.n.m,D,3810.25,LAGO TITICACA
1984-11-01,13,47256412,MUELLE ENAFER,Región Hidrográfica del Titicaca,PUNO,SUR,3810.28,3810.31,m.s.n.m,1.0,m.s.n.m,LD,3810.25,LAGO TITICACA
1984-12-01,13,47256412,MUELLE ENAFER,Región Hidrográfica del Titicaca,PUNO,SUR,3810.33,3810.28,m.s.n.m,1.09,m.s.n.m,A,3810.25,LAGO TITICACA
1985-01-01,13,47256412,MUELLE ENAFER,Región Hidrográfica del Titicaca,PUNO,SUR,3810.53,3810.33,m.s.n.m,1.17,m.s.n.m,A,3810.25,LAGO TITICACA
1985-02-01,13,47256412,MUELLE ENAFER,Región Hidrográfica del Titicaca,PUNO,SUR,3810.76,3810.53,m.s.n.m,1.17,m.s.n.m,A,3810.25,LAGO TITICACA
1985-03-01,13,47256412,MUELLE ENAFER,Región Hidrográfica del Titicaca,PUNO,SUR,3811.1,3810.76,m.s.n.m,1.29,m.s.n.m,A,3810.25,LAGO TITICACA
1985-04-01,13,47256412,MUELLE ENAFER,Región Hidrográfica del Titicaca,PUNO,SUR,3811.27,3811.1,m.s.n.m,1.36,m.s.n.m,A,3810.25,LAGO TITICACA
1985-05-01,13,47256412,MUELLE ENAFER,Región Hidrográfica del Titicaca,PUNO,SUR,3811.33,3811.27,m.s.n.m,1.48,m.s.n.m,A,3810.25,LAGO TITICACA
1985-06-01,13,47256412,MUELLE ENAFER,Región Hidrográfica del Titicaca,PUNO,SUR,3811.27,3811.33,m.s.n.m,1.54,m.s.n.m,D,3810.25,LAGO TITICACA
1985-07-01,13,47256412,MUELLE ENAFER,Región Hidrográfica del Titicaca,PUNO,SUR,3811.15,3811.27,m.s.n.m,1.54,m.s.n.m,D,3810.25,LAGO TITICACA
1985-08-01,13,47256412,MUELLE ENAFER,Región Hidrográfica del Titicaca,PUNO,SUR,3811.01,3811.15,m.s.n.m,1.52,m.s.n.m,D,3810.25,LAGO TITICACA
1985-09-01,13,47256412,MUELLE ENAFER,Región Hidrográfica del Titicaca,PUNO,SUR,3810.92,3811.01,m.s.n.m,1.47,m.s.n.m,D,3810.25,LAGO TITICACA
1985-10-01,13,47256412,MUELLE ENAFER,Región Hidrográfica del Titicaca,PUNO,SUR,3810.84,3810.92,m.s.n.m,1.48,m.s.n.m,D,3810.25,LAGO TITICACA
1985-11-01,13,47256412,MUELLE ENAFER,Región Hidrográfica del Titicaca,PUNO,SUR,3810.82,3810.84,m.s.n.m,1.54,m.s.n.m,LD,3810.25,LAGO TITICACA
1985-12-01,13,47256412,MUELLE ENAFER,Región Hidrográfica del Titicaca,PUNO,SUR,3810.99,3810.82,m.s.n.m,1.74,m.s.n.m,A,3810.25,LAGO TITICACA
1986-01-01,13,47256412,MUELLE ENAFER,Región Hidrográfica del Titicaca,PUNO,SUR,3811.33,3810.99,m.s.n.m,1.97,m.s.n.m,A,3810.25,LAGO TITICACA
1986-02-01,13,47256412,MUELLE ENAFER,Región Hidrográfica del Titicaca,PUNO,SUR,3811.66,3811.33,m.s.n.m,2.06,m.s.n.m,A,3810.25,LAGO TITICACA
1986-03-01,13,47256412,MUELLE ENAFER,Región Hidrográfica del Titicaca,PUNO,SUR,3812.25,3811.66,m.s.n.m,2.44,m.s.n.m,A,3810.25,LAGO TITICACA
1986-04-01,13,47256412,MUELLE ENAFER,Región Hidrográfica del Titicaca,PUNO,SUR,3812.54,3812.25,m.s.n.m,2.63,m.s.n.m,A,3810.25,LAGO TITICACA
1986-05-01,13,47256412,MUELLE ENAFER,Región Hidrográfica del Titicaca,PUNO,SUR,3812.52,3812.54,m.s.n.m,2.67,m.s.n.m,LD,3810.25,LAGO TITICACA
1986-06-01,13,47256412,MUELLE ENAFER,Región Hidrográfica del Titicaca,PUNO,SUR,3812.34,3812.52,m.s.n.m,2.6,m.s.n.m,D,3810.25,LAGO TITICACA
1986-07-01,13,47256412,MUELLE ENAFER,Región Hidrográfica del Titicaca,PUNO,SUR,3812.05,3812.34,m.s.n.m,2.44,m.s.n.m,D,3810.25,LAGO TITICACA
1986-08-01,13,47256412,MUELLE ENAFER,Región Hidrográfica del Titicaca,PUNO,SUR,3811.88,3812.05,m.s.n.m,2.39,m.s.n.m,D,3810.25,LAGO TITICACA
1986-09-01,13,47256412,MUELLE ENAFER,Región Hidrográfica del Titicaca,PUNO,SUR,3811.75,3811.88,m.s.n.m,2.3,m.s.n.m,D,3810.25,LAGO TITICACA
1986-10-01,13,47256412,MUELLE ENAFER,Región Hidrográfica del Titicaca,PUNO,SUR,3811.62,3811.75,m.s.n.m,2.26,m.s.n.m,D,3810.25,LAGO TITICACA
1986-11-01,13,47256412,MUELLE ENAFER,Región Hidrográfica del Titicaca,PUNO,SUR,3811.47,3811.62,m.s.n.m,2.19,m.s.n.m,D,3810.25,LAGO TITICACA
1986-12-01,13,47256412,MUELLE ENAFER,Región Hidrográfica del Titicaca,PUNO,SUR,3811.42,3811.47,m.s.n.m,2.17,m.s.n.m,D,3810.25,LAGO TITICACA
1987-01-01,13,47256412,MUELLE ENAFER,Región Hidrográfica del Titicaca,PUNO,SUR,3811.64,3811.42,m.s.n.m,2.28,m.s.n.m,A,3810.25,LAGO TITICACA
1987-02-01,13,47256412,MUELLE ENAFER,Región Hidrográfica del Titicaca,PUNO,SUR,3811.9,3811.64,m.s.n.m,2.31,m.s.n.m,A,3810.25,LAGO TITICACA
1987-03-01,13,47256412,MUELLE ENAFER,Región Hidrográfica del Titicaca,PUNO,SUR,3811.88,3811.9,m.s.n.m,2.07,m.s.n.m,LD,3810.25,LAGO TITICACA
1987-04-01,13,47256412,MUELLE ENAFER,Región Hidrográfica del Titicaca,PUNO,SUR,3811.77,3811.88,m.s.n.m,1.86,m.s.n.m,D,3810.25,LAGO TITICACA
1987-05-01,13,47256412,MUELLE ENAFER,Región Hidrográfica del Titicaca,PUNO,SUR,3811.63,3811.77,m.s.n.m,1.78,m.s.n.m,D,3810.25,LAGO TITICACA
1987-06-01,13,47256412,MUELLE ENAFER,Región Hidrográfica del Titicaca,PUNO,SUR,3811.46,3811.63,m.s.n.m,1.72,m.s.n.m,D,3810.25,LAGO TITICACA
1987-07-01,13,47256412,MUELLE ENAFER,Región Hidrográfica del Titicaca,PUNO,SUR,3811.35,3811.46,m.s.n.m,1.74,m.s.n.m,D,3810.25,LAGO TITICACA
1987-08-01,13,47256412,MUELLE ENAFER,Región Hidrográfica del Titicaca,PUNO,SUR,3811.17,3811.35,m.s.n.m,1.68,m.s.n.m,D,3810.25,LAGO TITICACA
1987-09-01,13,47256412,MUELLE ENAFER,Región Hidrográfica del Titicaca,PUNO,SUR,3811.06,3811.17,m.s.n.m,1.61,m.s.n.m,D,3810.25,LAGO TITICACA
1987-10-01,13,47256412,MUELLE ENAFER,Región Hidrográfica del Titicaca,PUNO,SUR,3810.94,3811.06,m.s.n.m,1.58,m.s.n.m,D,3810.25,LAGO TITICACA
1987-11-01,13,47256412,MUELLE ENAFER,Región Hidrográfica del Titicaca,PUNO,SUR,3810.86,3810.94,m.s.n.m,1.58,m.s.n.m,D,3810.25,LAGO TITICACA
1987-12-01,13,47256412,MUELLE ENAFER,Región Hidrográfica del Titicaca,PUNO,SUR,3810.81,3810.86,m.s.n.m,1.57,m.s.n.m,D,3810.25,LAGO TITICACA
1988-01-01,13,47256412,MUELLE ENAFER,Región Hidrográfica del Titicaca,PUNO,SUR,3810.84,3810.81,m.s.n.m,1.48,m.s.n.m,LA,3810.25,LAGO TITICACA
1988-02-01,13,47256412,MUELLE ENAFER,Región Hidrográfica del Titicaca,PUNO,SUR,3811.04,3810.84,m.s.n.m,1.45,m.s.n.m,A,3810.25,LAGO TITICACA
1988-03-01,13,47256412,MUELLE ENAFER,Región Hidrográfica del Titicaca,PUNO,SUR,3811.16,3811.04,m.s.n.m,1.35,m.s.n.m,A,3810.25,LAGO TITICACA
1988-04-01,13,47256412,MUELLE ENAFER,Región Hidrográfica del Titicaca,PUNO,SUR,3811.55,3811.16,m.s.n.m,1.64,m.s.n.m,A,3810.25,LAGO TITICACA
1988-05-01,13,47256412,MUELLE ENAFER,Región Hidrográfica del Titicaca,PUNO,SUR,3811.56,3811.55,m.s.n.m,1.71,m.s.n.m,E,3810.25,LAGO TITICACA
1988-06-01,13,47256412,MUELLE ENAFER,Región Hidrográfica del Titicaca,PUNO,SUR,3811.43,3811.56,m.s.n.m,1.69,m.s.n.m,D,3810.25,LAGO TITICACA
1988-07-01,13,47256412,MUELLE ENAFER,Región Hidrográfica del Titicaca,PUNO,SUR,3811.28,3811.43,m.s.n.m,1.67,m.s.n.m,D,3810.25,LAGO TITICACA
1988-08-01,13,47256412,MUELLE ENAFER,Región Hidrográfica del Titicaca,PUNO,SUR,3811.13,3811.28,m.s.n.m,1.64,m.s.n.m,D,3810.25,LAGO TITICACA
1988-09-01,13,47256412,MUELLE ENAFER,Región Hidrográfica del Titicaca,PUNO,SUR,3810.99,3811.13,m.s.n.m,1.54,m.s.n.m,D,3810.25,LAGO TITICACA
1988-10-01,13,47256412,MUELLE ENAFER,Región Hidrográfica del Titicaca,PUNO,SUR,3810.88,3810.99,m.s.n.m,1.52,m.s.n.m,D,3810.25,LAGO TITICACA
1988-11-01,13,47256412,MUELLE ENAFER,Región Hidrográfica del Titicaca,PUNO,SUR,3810.75,3810.88,m.s.n.m,1.47,m.s.n.m,D,3810.25,LAGO TITICACA
1988-12-01,13,47256412,MUELLE ENAFER,Región Hidrográfica del Titicaca,PUNO,SUR,3810.62,3810.75,m.s.n.m,1.38,m.s.n.m,D,3810.25,LAGO TITICACA
1989-01-01,13,47256412,MUELLE ENAFER,Región Hidrográfica del Titicaca,PUNO,SUR,3810.72,3810.62,m.s.n.m,1.36,m.s.n.m,A,3810.25,LAGO TITICACA
1989-02-01,13,47256412,MUELLE ENAFER,Región Hidrográfica del Titicaca,PUNO,SUR,3810.83,3810.72,m.s.n.m,1.23,m.s.n.m,A,3810.25,LAGO TITICACA
1989-03-01,13,47256412,MUELLE ENAFER,Región Hidrográfica del Titicaca,PUNO,SUR,3810.93,3810.83,m.s.n.m,1.12,m.s.n.m,A,3810.25,LAGO TITICACA
1989-04-01,13,47256412,MUELLE ENAFER,Región Hidrográfica del Titicaca,PUNO,SUR,3811.02,3810.93,m.s.n.m,1.11,m.s.n.m,A,3810.25,LAGO TITICACA
1989-05-01,13,47256412,MUELLE ENAFER,Región Hidrográfica del Titicaca,PUNO,SUR,3810.98,3811.02,m.s.n.m,1.13,m.s.n.m,LD,3810.25,LAGO TITICACA
1989-06-01,13,47256412,MUELLE ENAFER,Región Hidrográfica del Titicaca,PUNO,SUR,3810.87,3810.98,m.s.n.m,1.14,m.s.n.m,D,3810.25,LAGO TITICACA
1989-07-01,13,47256412,MUELLE ENAFER,Región Hidrográfica del Titicaca,PUNO,SUR,3810.75,3810.87,m.s.n.m,1.14,m.s.n.m,D,3810.25,LAGO TITICACA
1989-08-01,13,47256412,MUELLE ENAFER,Región Hidrográfica del Titicaca,PUNO,SUR,3810.62,3810.75,m.s.n.m,1.13,m.s.n.m,D,3810.25,LAGO TITICACA
1989-09-01,13,47256412,MUELLE ENAFER,Región Hidrográfica del Titicaca,PUNO,SUR,3810.51,3810.62,m.s.n.m,1.06,m.s.n.m,D,3810.25,LAGO TITICACA
1989-10-01,13,47256412,MUELLE ENAFER,Región Hidrográfica del Titicaca,PUNO,SUR,3810.4,3810.51,m.s.n.m,1.04,m.s.n.m,D,3810.25,LAGO TITICACA
1989-11-01,13,47256412,MUELLE ENAFER,Región Hidrográfica del Titicaca,PUNO,SUR,3810.28,3810.4,m.s.n.m,0.99,m.s.n.m,D,3810.25,LAGO TITICACA
1989-12-01,13,47256412,MUELLE ENAFER,Región Hidrográfica del Titicaca,PUNO,SUR,3810.18,3810.28,m.s.n.m,0.93,m.s.n.m,D,3810.25,LAGO TITICACA
1990-01-01,13,47256412,MUELLE ENAFER,Región Hidrográfica del Titicaca,PUNO,SUR,3810.27,3810.18,m.s.n.m,0.91,m.s.n.m,A,3810.25,LAGO TITICACA
1990-02-01,13,47256412,MUELLE ENAFER,Región Hidrográfica del Titicaca,PUNO,SUR,3810.33,3810.27,m.s.n.m,0.73,m.s.n.m,A,3810.25,LAGO TITICACA
1990-03-01,13,47256412,MUELLE ENAFER,Región Hidrográfica del Titicaca,PUNO,SUR,3810.29,3810.33,m.s.n.m,0.48,m.s.n.m,LD,3810.25,LAGO TITICACA
1990-04-01,13,47256412,MUELLE ENAFER,Región Hidrográfica del Titicaca,PUNO,SUR,3810.23,3810.29,m.s.n.m,0.32,m.s.n.m,D,3810.25,LAGO TITICACA
1990-05-01,13,47256412,MUELLE ENAFER,Región Hidrográfica del Titicaca,PUNO,SUR,3810.13,3810.23,m.s.n.m,0.28,m.s.n.m,D,3810.25,LAGO TITICACA
1990-06-01,13,47256412,MUELLE ENAFER,Región Hidrográfica del Titicaca,PUNO,SUR,3810.06,3810.13,m.s.n.m,0.33,m.s.n.m,D,3810.25,LAGO TITICACA
1990-07-01,13,47256412,MUELLE ENAFER,Región Hidrográfica del Titicaca,PUNO,SUR,3809.96,3810.06,m.s.n.m,0.34,m.s.n.m,D,3810.25,LAGO TITICACA
1990-08-01,13,47256412,MUELLE ENAFER,Región Hidrográfica del Titicaca,PUNO,SUR,3809.84,3809.96,m.s.n.m,0.35,m.s.n.m,D,3810.25,LAGO TITICACA
1990-09-01,13,47256412,MUELLE ENAFER,Región Hidrográfica del Titicaca,PUNO,SUR,3809.73,3809.84,m.s.n.m,0.29,m.s.n.m,D,3810.25,LAGO TITICACA
1990-10-01,13,47256412,MUELLE ENAFER,Región Hidrográfica del Titicaca,PUNO,SUR,3809.69,3809.73,m.s.n.m,0.33,m.s.n.m,D,3810.25,LAGO TITICACA
1990-11-01,13,47256412,MUELLE ENAFER,Región Hidrográfica del Titicaca,PUNO,SUR,3809.72,3809.69,m.s.n.m,0.44,m.s.n.m,LA,3810.25,LAGO TITICACA
1990-12-01,13,47256412,MUELLE ENAFER,Región Hidrográfica del Titicaca,PUNO,SUR,3809.75,3809.72,m.s.n.m,0.5,m.s.n.m,LA,3810.25,LAGO TITICACA
1991-01-01,13,47256412,MUELLE ENAFER,Región Hidrográfica del Titicaca,PUNO,SUR,3809.79,3809.75,m.s.n.m,0.43,m.s.n.m,LA,3810.25,LAGO TITICACA
1991-02-01,13,47256412,MUELLE ENAFER,Región Hidrográfica del Titicaca,PUNO,SUR,3809.83,3809.79,m.s.n.m,0.23,m.s.n.m,A,3810.25,LAGO TITICACA
1991-03-01,13,47256412,MUELLE ENAFER,Región Hidrográfica del Titicaca,PUNO,SUR,3809.93,3809.83,m.s.n.m,0.12,m.s.n.m,A,3810.25,LAGO TITICACA
1991-04-01,13,47256412,MUELLE ENAFER,Región Hidrográfica del Titicaca,PUNO,SUR,3810.08,3809.93,m.s.n.m,0.17,m.s.n.m,A,3810.25,LAGO TITICACA
1991-05-01,13,47256412,MUELLE ENAFER,Región Hidrográfica del Titicaca,PUNO,SUR,3810.04,3810.08,m.s.n.m,0.19,m.s.n.m,D,3810.25,LAGO TITICACA
1991-06-01,13,47256412,MUELLE ENAFER,Región Hidrográfica del Titicaca,PUNO,SUR,3809.96,3810.04,m.s.n.m,0.22,m.s.n.m,D,3810.25,LAGO TITICACA
1991-07-01,13,47256412,MUELLE ENAFER,Región Hidrográfica del Titicaca,PUNO,SUR,3809.86,3809.96,m.s.n.m,0.25,m.s.n.m,D,3810.25,LAGO TITICACA
1991-08-01,13,47256412,MUELLE ENAFER,Región Hidrográfica del Titicaca,PUNO,SUR,3809.72,3809.86,m.s.n.m,0.23,m.s.n.m,D,3810.25,LAGO TITICACA
1991-09-01,13,47256412,MUELLE ENAFER,Región Hidrográfica del Titicaca,PUNO,SUR,3809.61,3809.72,m.s.n.m,0.17,m.s.n.m,D,3810.25,LAGO TITICACA
1991-10-01,13,47256412,MUELLE ENAFER,Región Hidrográfica del Titicaca,PUNO,SUR,3809.52,3809.61,m.s.n.m,0.15,m.s.n.m,D,3810.25,LAGO TITICACA
1991-11-01,13,47256412,MUELLE ENAFER,Región Hidrográfica del Titicaca,PUNO,SUR,3809.44,3809.52,m.s.n.m,0.15,m.s.n.m,D,3810.25,LAGO TITICACA
1991-12-01,13,47256412,MUELLE ENAFER,Región Hidrográfica del Titicaca,PUNO,SUR,3809.37,3809.44,m.s.n.m,0.12,m.s.n.m,D,3810.25,LAGO TITICACA
1992-01-01,13,47256412,MUELLE ENAFER,Región Hidrográfica del Titicaca,PUNO,SUR,3809.45,3809.37,m.s.n.m,0.09,m.s.n.m,A,3810.25,LAGO TITICACA
1992-02-01,13,47256412,MUELLE ENAFER,Región Hidrográfica del Titicaca,PUNO,SUR,3809.59,3809.45,m.s.n.m,-0.01,m.s.n.m,A,3810.25,LAGO TITICACA
1992-03-01,13,47256412,MUELLE ENAFER,Región Hidrográfica del Titicaca,PUNO,SUR,3809.63,3809.59,m.s.n.m,-0.18,m.s.n.m,LA,3810.25,LAGO TITICACA
1992-04-01,13,47256412,MUELLE ENAFER,Región Hidrográfica del Titicaca,PUNO,SUR,3809.53,3809.63,m.s.n.m,-0.38,m.s.n.m,D,3810.25,LAGO TITICACA
1992-05-01,13,47256412,MUELLE ENAFER,Región Hidrográfica del Titicaca,PUNO,SUR,3809.41,3809.53,m.s.n.m,-0.44,m.s.n.m,D,3810.25,LAGO TITICACA
1992-06-01,13,47256412,MUELLE ENAFER,Región Hidrográfica del Titicaca,PUNO,SUR,3809.27,3809.41,m.s.n.m,-0.47,m.s.n.m,D,3810.25,LAGO TITICACA
1992-07-01,13,47256412,MUELLE ENAFER,Región Hidrográfica del Titicaca,PUNO,SUR,3809.15,3809.27,m.s.n.m,-0.46,m.s.n.m,D,3810.25,LAGO TITICACA
1992-08-01,13,47256412,MUELLE ENAFER,Región Hidrográfica del Titicaca,PUNO,SUR,3809.04,3809.15,m.s.n.m,-0.45,m.s.n.m,D,3810.25,LAGO TITICACA
1992-09-01,13,47256412,MUELLE ENAFER,Región Hidrográfica del Titicaca,PUNO,SUR,3808.99,3809.04,m.s.n.m,-0.46,m.s.n.m,D,3810.25,LAGO TITICACA
1992-10-01,13,47256412,MUELLE ENAFER,Región Hidrográfica del Titicaca,PUNO,SUR,3808.89,3808.99,m.s.n.m,-0.47,m.s.n.m,D,3810.25,LAGO TITICACA
1992-11-01,13,47256412,MUELLE ENAFER,Región Hidrográfica del Titicaca,PUNO,SUR,3808.82,3808.89,m.s.n.m,-0.46,m.s.n.m,D,3810.25,LAGO TITICACA
1992-12-01,13,47256412,MUELLE ENAFER,Región Hidrográfica del Titicaca,PUNO,SUR,3808.81,3808.82,m.s.n.m,-0.44,m.s.n.m,E,3810.25,LAGO TITICACA
1993-01-01,13,47256412,MUELLE ENAFER,Región Hidrográfica del Titicaca,PUNO,SUR,3808.87,3808.81,m.s.n.m,-0.49,m.s.n.m,A,3810.25,LAGO TITICACA
1993-02-01,13,47256412,MUELLE ENAFER,Región Hidrográfica del Titicaca,PUNO,SUR,3809.12,3808.87,m.s.n.m,-0.47,m.s.n.m,A,3810.25,LAGO TITICACA
1993-03-01,13,47256412,MUELLE ENAFER,Región Hidrográfica del Titicaca,PUNO,SUR,3809.22,3809.12,m.s.n.m,-0.59,m.s.n.m,A,3810.25,LAGO TITICACA
1993-04-01,13,47256412,MUELLE ENAFER,Región Hidrográfica del Titicaca,PUNO,SUR,3809.29,3809.22,m.s.n.m,-0.62,m.s.n.m,A,3810.25,LAGO TITICACA
1993-05-01,13,47256412,MUELLE ENAFER,Región Hidrográfica del Titicaca,PUNO,SUR,3809.26,3809.29,m.s.n.m,-0.6,m.s.n.m,LD,3810.25,LAGO TITICACA
1993-06-01,13,47256412,MUELLE ENAFER,Región Hidrográfica del Titicaca,PUNO,SUR,3809.13,3809.26,m.s.n.m,-0.6,m.s.n.m,D,3810.25,LAGO TITICACA
1993-07-01,13,47256412,MUELLE ENAFER,Región Hidrográfica del Titicaca,PUNO,SUR,3809.03,3809.13,m.s.n.m,-0.59,m.s.n.m,D,3810.25,LAGO TITICACA
1993-08-01,13,47256412,MUELLE ENAFER,Región Hidrográfica del Titicaca,PUNO,SUR,3808.9,3809.03,m.s.n.m,-0.59,m.s.n.m,D,3810.25,LAGO TITICACA
1993-09-01,13,47256412,MUELLE ENAFER,Región Hidrográfica del Titicaca,PUNO,SUR,3808.82,3808.9,m.s.n.m,-0.62,m.s.n.m,D,3810.25,LAGO TITICACA
1993-10-01,13,47256412,MUELLE ENAFER,Región Hidrográfica del Titicaca,PUNO,SUR,3808.78,3808.82,m.s.n.m,-0.59,m.s.n.m,D,3810.25,LAGO TITICACA
1993-11-01,13,47256412,MUELLE ENAFER,Región Hidrográfica del Titicaca,PUNO,SUR,3808.76,3808.78,m.s.n.m,-0.52,m.s.n.m,E,3810.25,LAGO TITICACA
1993-12-01,13,47256412,MUELLE ENAFER,Región Hidrográfica del Titicaca,PUNO,SUR,3808.79,3808.76,m.s.n.m,-0.45,m.s.n.m,LA,3810.25,LAGO TITICACA
1994-01-01,13,47256412,MUELLE ENAFER,Región Hidrográfica del Titicaca,PUNO,SUR,3808.89,3808.79,m.s.n.m,-0.47,m.s.n.m,A,3810.25,LAGO TITICACA
1994-02-01,13,47256412,MUELLE ENAFER,Región Hidrográfica del Titicaca,PUNO,SUR,3809.21,3808.89,m.s.n.m,-0.39,m.s.n.m,A,3810.25,LAGO TITICACA
1994-03-01,13,47256412,MUELLE ENAFER,Región Hidrográfica del Titicaca,PUNO,SUR,3809.42,3809.21,m.s.n.m,-0.39,m.s.n.m,A,3810.25,LAGO TITICACA
1994-04-01,13,47256412,MUELLE ENAFER,Región Hidrográfica del Titicaca,PUNO,SUR,3809.52,3809.42,m.s.n.m,-0.39,m.s.n.m,A,3810.25,LAGO TITICACA
1994-05-01,13,47256412,MUELLE ENAFER,Región Hidrográfica del Titicaca,PUNO,SUR,3809.52,3809.52,m.s.n.m,-0.33,m.s.n.m,E,3810.25,LAGO TITICACA
1994-06-01,13,47256412,MUELLE ENAFER,Región Hidrográfica del Titicaca,PUNO,SUR,3809.42,3809.52,m.s.n.m,-0.32,m.s.n.m,D,3810.25,LAGO TITICACA
1994-07-01,13,47256412,MUELLE ENAFER,Región Hidrográfica del Titicaca,PUNO,SUR,3809.3,3809.42,m.s.n.m,-0.31,m.s.n.m,D,3810.25,LAGO TITICACA
1994-08-01,13,47256412,MUELLE ENAFER,Región Hidrográfica del Titicaca,PUNO,SUR,3809.17,3809.3,m.s.n.m,-0.32,m.s.n.m,D,3810.25,LAGO TITICACA
1994-09-01,13,47256412,MUELLE ENAFER,Región Hidrográfica del Titicaca,PUNO,SUR,3809.1,3809.17,m.s.n.m,-0.34,m.s.n.m,D,3810.25,LAGO TITICACA
1994-10-01,13,47256412,MUELLE ENAFER,Región Hidrográfica del Titicaca,PUNO,SUR,3809.01,3809.1,m.s.n.m,-0.35,m.s.n.m,D,3810.25,LAGO TITICACA
1994-11-01,13,47256412,MUELLE ENAFER,Región Hidrográfica del Titicaca,PUNO,SUR,3808.93,3809.01,m.s.n.m,-0.35,m.s.n.m,D,3810.25,LAGO TITICACA
1994-12-01,13,47256412,MUELLE ENAFER,Región Hidrográfica del Titicaca,PUNO,SUR,3808.88,3808.93,m.s.n.m,-0.37,m.s.n.m,D,3810.25,LAGO TITICACA
1995-01-01,13,47256412,MUELLE ENAFER,Región Hidrográfica del Titicaca,PUNO,SUR,3808.97,3808.88,m.s.n.m,-0.39,m.s.n.m,A,3810.25,LAGO TITICACA
1995-02-01,13,47256412,MUELLE ENAFER,Región Hidrográfica del Titicaca,PUNO,SUR,3809.0,3808.97,m.s.n.m,-0.59,m.s.n.m,LA,3810.25,LAGO TITICACA
1995-03-01,13,47256412,MUELLE ENAFER,Región Hidrográfica del Titicaca,PUNO,SUR,3809.19,3809.0,m.s.n.m,-0.62,m.s.n.m,A,3810.25,LAGO TITICACA
1995-04-01,13,47256412,MUELLE ENAFER,Región Hidrográfica del Titicaca,PUNO,SUR,3809.25,3809.19,m.s.n.m,-0.66,m.s.n.m,A,3810.25,LAGO TITICACA
1995-05-01,13,47256412,MUELLE ENAFER,Región Hidrográfica del Titicaca,PUNO,SUR,3809.14,3809.25,m.s.n.m,-0.71,m.s.n.m,D,3810.25,LAGO TITICACA
1995-06-01,13,47256412,MUELLE ENAFER,Región Hidrográfica del Titicaca,PUNO,SUR,3809.02,3809.14,m.s.n.m,-0.72,m.s.n.m,D,3810.25,LAGO TITICACA
1995-07-01,13,47256412,MUELLE ENAFER,Región Hidrográfica del Titicaca,PUNO,SUR,3808.9,3809.02,m.s.n.m,-0.72,m.s.n.m,D,3810.25,LAGO TITICACA
1995-08-01,13,47256412,MUELLE ENAFER,Región Hidrográfica del Titicaca,PUNO,SUR,3808.78,3808.9,m.s.n.m,-0.71,m.s.n.m,D,3810.25,LAGO TITICACA
1995-09-01,13,47256412,MUELLE ENAFER,Región Hidrográfica del Titicaca,PUNO,SUR,3808.69,3808.78,m.s.n.m,-0.76,m.s.n.m,D,3810.25,LAGO TITICACA
1995-10-01,13,47256412,MUELLE ENAFER,Región Hidrográfica del Titicaca,PUNO,SUR,3808.59,3808.69,m.s.n.m,-0.78,m.s.n.m,D,3810.25,LAGO TITICACA
1995-11-01,13,47256412,MUELLE ENAFER,Región Hidrográfica del Titicaca,PUNO,SUR,3808.48,3808.59,m.s.n.m,-0.8,m.s.n.m,D,3810.25,LAGO TITICACA
1995-12-01,13,47256412,MUELLE ENAFER,Región Hidrográfica del Titicaca,PUNO,SUR,3808.44,3808.48,m.s.n.m,-0.81,m.s.n.m,D,3810.25,LAGO TITICACA
1996-01-01,13,47256412,MUELLE ENAFER,Región Hidrográfica del Titicaca,PUNO,SUR,3808.5,3808.44,m.s.n.m,-0.86,m.s.n.m,A,3810.25,LAGO TITICACA
1996-02-01,13,47256412,MUELLE ENAFER,Región Hidrográfica del Titicaca,PUNO,SUR,3808.78,3808.5,m.s.n.m,-0.82,m.s.n.m,A,3810.25,LAGO TITICACA
1996-03-01,13,47256412,MUELLE ENAFER,Región Hidrográfica del Titicaca,PUNO,SUR,3808.84,3808.78,m.s.n.m,-0.96,m.s.n.m,A,3810.25,LAGO TITICACA
1996-04-01,13,47256412,MUELLE ENAFER,Región Hidrográfica del Titicaca,PUNO,SUR,3808.87,3808.84,m.s.n.m,-1.04,m.s.n.m,LA,3810.25,LAGO TITICACA
1996-05-01,13,47256412,MUELLE ENAFER,Región Hidrográfica del Titicaca,PUNO,SUR,3808.78,3808.87,m.s.n.m,-1.07,m.s.n.m,D,3810.25,LAGO TITICACA
1996-06-01,13,47256412,MUELLE ENAFER,Región Hidrográfica del Titicaca,PUNO,SUR,3808.66,3808.78,m.s.n.m,-1.07,m.s.n.m,D,3810.25,LAGO TITICACA
1996-07-01,13,47256412,MUELLE ENAFER,Región Hidrográfica del Titicaca,PUNO,SUR,3808.52,3808.66,m.s.n.m,-1.09,m.s.n.m,D,3810.25,LAGO TITICACA
1996-08-01,13,47256412,MUELLE ENAFER,Región Hidrográfica del Titicaca,PUNO,SUR,3808.42,3808.52,m.s.n.m,-1.08,m.s.n.m,D,3810.25,LAGO TITICACA
1996-09-01,13,47256412,MUELLE ENAFER,Región Hidrográfica del Titicaca,PUNO,SUR,3808.31,3808.42,m.s.n.m,-1.14,m.s.n.m,D,3810.25,LAGO TITICACA
1996-10-01,13,47256412,MUELLE ENAFER,Región Hidrográfica del Titicaca,PUNO,SUR,3808.2,3808.31,m.s.n.m,-1.16,m.s.n.m,D,3810.25,LAGO TITICACA
1996-11-01,13,47256412,MUELLE ENAFER,Región Hidrográfica del Titicaca,PUNO,SUR,3808.14,3808.2,m.s.n.m,-1.15,m.s.n.m,D,3810.25,LAGO TITICACA
1996-12-01,13,47256412,MUELLE ENAFER,Región Hidrográfica del Titicaca,PUNO,SUR,3808.12,3808.14,m.s.n.m,-1.13,m.s.n.m,E,3810.25,LAGO TITICACA
1997-01-01,13,47256412,MUELLE ENAFER,Región Hidrográfica del Titicaca,PUNO,SUR,3808.29,3808.12,m.s.n.m,-1.07,m.s.n.m,A,3810.25,LAGO TITICACA
1997-02-01,13,47256412,MUELLE ENAFER,Región Hidrográfica del Titicaca,PUNO,SUR,3808.71,3808.29,m.s.n.m,-0.89,m.s.n.m,A,3810.25,LAGO TITICACA
1997-03-01,13,47256412,MUELLE ENAFER,Región Hidrográfica del Titicaca,PUNO,SUR,3809.18,3808.71,m.s.n.m,-0.63,m.s.n.m,A,3810.25,LAGO TITICACA
1997-04-01,13,47256412,MUELLE ENAFER,Región Hidrográfica del Titicaca,PUNO,SUR,3809.36,3809.18,m.s.n.m,-0.55,m.s.n.m,A,3810.25,LAGO TITICACA
1997-05-01,13,47256412,MUELLE ENAFER,Región Hidrográfica del Titicaca,PUNO,SUR,3809.33,3809.36,m.s.n.m,-0.52,m.s.n.m,LD,3810.25,LAGO TITICACA
1997-06-01,13,47256412,MUELLE ENAFER,Región Hidrográfica del Titicaca,PUNO,SUR,3809.21,3809.33,m.s.n.m,-0.52,m.s.n.m,D,3810.25,LAGO TITICACA
1997-07-01,13,47256412,MUELLE ENAFER,Región Hidrográfica del Titicaca,PUNO,SUR,3809.1,3809.21,m.s.n.m,-0.51,m.s.n.m,D,3810.25,LAGO TITICACA
1997-08-01,13,47256412,MUELLE ENAFER,Región Hidrográfica del Titicaca,PUNO,SUR,3809.01,3809.1,m.s.n.m,-0.49,m.s.n.m,D,3810.25,LAGO TITICACA
1997-09-01,13,47256412,MUELLE ENAFER,Región Hidrográfica del Titicaca,PUNO,SUR,3808.92,3809.01,m.s.n.m,-0.53,m.s.n.m,D,3810.25,LAGO TITICACA
1997-10-01,13,47256412,MUELLE ENAFER,Región Hidrográfica del Titicaca,PUNO,SUR,3808.87,3808.92,m.s.n.m,-0.49,m.s.n.m,D,3810.25,LAGO TITICACA
1997-11-01,13,47256412,MUELLE ENAFER,Región Hidrográfica del Titicaca,PUNO,SUR,3808.84,3808.87,m.s.n.m,-0.45,m.s.n.m,LD,3810.25,LAGO TITICACA
1997-12-01,13,47256412,MUELLE ENAFER,Región Hidrográfica del Titicaca,PUNO,SUR,3808.77,3808.84,m.s.n.m,-0.48,m.s.n.m,D,3810.25,LAGO TITICACA
1998-01-01,13,47256412,MUELLE ENAFER,Región Hidrográfica del Titicaca,PUNO,SUR,3808.81,3808.77,m.s.n.m,-0.55,m.s.n.m,LA,3810.25,LAGO TITICACA
1998-02-01,13,47256412,MUELLE ENAFER,Región Hidrográfica del Titicaca,PUNO,SUR,3808.88,3808.81,m.s.n.m,-0.72,m.s.n.m,A,3810.25,LAGO TITICACA
1998-03-01,13,47256412,MUELLE ENAFER,Región Hidrográfica del Titicaca,PUNO,SUR,3808.98,3808.88,m.s.n.m,-0.83,m.s.n.m,A,3810.25,LAGO TITICACA
1998-04-01,13,47256412,MUELLE ENAFER,Región Hidrográfica del Titicaca,PUNO,SUR,3809.04,3808.98,m.s.n.m,-0.87,m.s.n.m,A,3810.25,LAGO TITICACA
1998-05-01,13,47256412,MUELLE ENAFER,Región Hidrográfica del Titicaca,PUNO,SUR,3808.91,3809.04,m.s.n.m,-0.94,m.s.n.m,D,3810.25,LAGO TITICACA
1998-06-01,13,47256412,MUELLE ENAFER,Región Hidrográfica del Titicaca,PUNO,SUR,3808.77,3808.91,m.s.n.m,-0.97,m.s.n.m,D,3810.25,LAGO TITICACA
1998-07-01,13,47256412,MUELLE ENAFER,Región Hidrográfica del Titicaca,PUNO,SUR,3808.66,3808.77,m.s.n.m,-0.95,m.s.n.m,D,3810.25,LAGO TITICACA
1998-08-01,13,47256412,MUELLE ENAFER,Región Hidrográfica del Titicaca,PUNO,SUR,3808.54,3808.66,m.s.n.m,-0.95,m.s.n.m,D,3810.25,LAGO TITICACA
1998-09-01,13,47256412,MUELLE ENAFER,Región Hidrográfica del Titicaca,PUNO,SUR,3808.42,3808.54,m.s.n.m,-1.03,m.s.n.m,D,3810.25,LAGO TITICACA
1998-10-01,13,47256412,MUELLE ENAFER,Región Hidrográfica del Titicaca,PUNO,SUR,3808.3,3808.42,m.s.n.m,-1.06,m.s.n.m,D,3810.25,LAGO TITICACA
1998-11-01,13,47256412,MUELLE ENAFER,Región Hidrográfica del Titicaca,PUNO,SUR,3808.24,3808.3,m.s.n.m,-1.05,m.s.n.m,D,3810.25,LAGO TITICACA
1998-12-01,13,47256412,MUELLE ENAFER,Región Hidrográfica del Titicaca,PUNO,SUR,3808.19,3808.24,m.s.n.m,-1.06,m.s.n.m,D,3810.25,LAGO TITICACA
1999-01-01,13,47256412,MUELLE ENAFER,Región Hidrográfica del Titicaca,PUNO,SUR,3808.18,3808.19,m.s.n.m,-1.18,m.s.n.m,E,3810.25,LAGO TITICACA
1999-02-01,13,47256412,MUELLE ENAFER,Región Hidrográfica del Titicaca,PUNO,SUR,3808.28,3808.18,m.s.n.m,-1.31,m.s.n.m,A,3810.25,LAGO TITICACA
1999-03-01,13,47256412,MUELLE ENAFER,Región Hidrográfica del Titicaca,PUNO,SUR,3808.6,3808.28,m.s.n.m,-1.21,m.s.n.m,A,3810.25,LAGO TITICACA
1999-04-01,13,47256412,MUELLE ENAFER,Región Hidrográfica del Titicaca,PUNO,SUR,3808.92,3808.6,m.s.n.m,-0.99,m.s.n.m,A,3810.25,LAGO TITICACA
1999-05-01,13,47256412,MUELLE ENAFER,Región Hidrográfica del Titicaca,PUNO,SUR,3808.95,3808.92,m.s.n.m,-0.9,m.s.n.m,LA,3810.25,LAGO TITICACA
1999-06-01,13,47256412,MUELLE ENAFER,Región Hidrográfica del Titicaca,PUNO,SUR,3808.83,3808.95,m.s.n.m,-0.91,m.s.n.m,D,3810.25,LAGO TITICACA
1999-07-01,13,47256412,MUELLE ENAFER,Región Hidrográfica del Titicaca,PUNO,SUR,3808.7,3808.83,m.s.n.m,-0.91,m.s.n.m,D,3810.25,LAGO TITICACA
1999-08-01,13,47256412,MUELLE ENAFER,Región Hidrográfica del Titicaca,PUNO,SUR,3808.59,3808.7,m.s.n.m,-0.91,m.s.n.m,D,3810.25,LAGO TITICACA
1999-09-01,13,47256412,MUELLE ENAFER,Región Hidrográfica del Titicaca,PUNO,SUR,3808.5,3808.59,m.s.n.m,-0.95,m.s.n.m,D,3810.25,LAGO TITICACA
1999-10-01,13,47256412,MUELLE ENAFER,Región Hidrográfica del Titicaca,PUNO,SUR,3808.48,3808.5,m.s.n.m,-0.88,m.s.n.m,E,3810.25,LAGO TITICACA
1999-11-01,13,47256412,MUELLE ENAFER,Región Hidrográfica del Titicaca,PUNO,SUR,3808.4,3808.48,m.s.n.m,-0.89,m.s.n.m,D,3810.25,LAGO TITICACA
1999-12-01,13,47256412,MUELLE ENAFER,Región Hidrográfica del Titicaca,PUNO,SUR,3808.3,3808.4,m.s.n.m,-0.95,m.s.n.m,D,3810.25,LAGO TITICACA
2000-01-01,13,47256412,MUELLE ENAFER,Región Hidrográfica del Titicaca,PUNO,SUR,3808.34,3808.3,m.s.n.m,-1.02,m.s.n.m,LA,3810.25,LAGO TITICACA
2000-02-01,13,47256412,MUELLE ENAFER,Región Hidrográfica del Titicaca,PUNO,SUR,3808.63,3808.34,m.s.n.m,-0.96,m.s.n.m,A,3810.25,LAGO TITICACA
2000-03-01,13,47256412,MUELLE ENAFER,Región Hidrográfica del Titicaca,PUNO,SUR,3808.96,3808.63,m.s.n.m,-0.85,m.s.n.m,A,3810.25,LAGO TITICACA
2000-04-01,13,47256412,MUELLE ENAFER,Región Hidrográfica del Titicaca,PUNO,SUR,3809.01,3808.96,m.s.n.m,-0.9,m.s.n.m,A,3810.25,LAGO TITICACA
2000-05-01,13,47256412,MUELLE ENAFER,Región Hidrográfica del Titicaca,PUNO,SUR,3808.91,3809.01,m.s.n.m,-0.95,m.s.n.m,D,3810.25,LAGO TITICACA
2000-06-01,13,47256412,MUELLE ENAFER,Región Hidrográfica del Titicaca,PUNO,SUR,3808.8,3808.91,m.s.n.m,-0.93,m.s.n.m,D,3810.25,LAGO TITICACA
2000-07-01,13,47256412,MUELLE ENAFER,Región Hidrográfica del Titicaca,PUNO,SUR,3808.67,3808.8,m.s.n.m,-0.94,m.s.n.m,D,3810.25,LAGO TITICACA
2000-08-01,13,47256412,MUELLE ENAFER,Región Hidrográfica del Titicaca,PUNO,SUR,3808.58,3808.67,m.s.n.m,-0.92,m.s.n.m,D,3810.25,LAGO TITICACA
2000-09-01,13,47256412,MUELLE ENAFER,Región Hidrográfica del Titicaca,PUNO,SUR,3808.48,3808.58,m.s.n.m,-0.97,m.s.n.m,D,3810.25,LAGO TITICACA
2000-10-01,13,47256412,MUELLE ENAFER,Región Hidrográfica del Titicaca,PUNO,SUR,3808.43,3808.48,m.s.n.m,-0.94,m.s.n.m,D,3810.25,LAGO TITICACA
2000-11-01,13,47256412,MUELLE ENAFER,Región Hidrográfica del Titicaca,PUNO,SUR,3808.36,3808.43,m.s.n.m,-0.93,m.s.n.m,D,3810.25,LAGO TITICACA
2000-12-01,13,47256412,MUELLE ENAFER,Región Hidrográfica del Titicaca,PUNO,SUR,3808.29,3808.36,m.s.n.m,-0.96,m.s.n.m,D,3810.25,LAGO TITICACA
2001-01-01,13,47256412,MUELLE ENAFER,Región Hidrográfica del Titicaca,PUNO,SUR,3808.62,3808.29,m.s.n.m,-0.74,m.s.n.m,A,3810.25,LAGO TITICACA
2001-02-01,13,47256412,MUELLE ENAFER,Región Hidrográfica del Titicaca,PUNO,SUR,3809.25,3808.62,m.s.n.m,-0.35,m.s.n.m,A,3810.25,LAGO TITICACA
2001-03-01,13,47256412,MUELLE ENAFER,Región Hidrográfica del Titicaca,PUNO,SUR,3809.91,3809.25,m.s.n.m,0.1,m.s.n.m,A,3810.25,LAGO TITICACA
2001-04-01,13,47256412,MUELLE ENAFER,Región Hidrográfica del Titicaca,PUNO,SUR,3810.18,3809.91,m.s.n.m,0.27,m.s.n.m,A,3810.25,LAGO TITICACA
2001-05-01,13,47256412,MUELLE ENAFER,Región Hidrográfica del Titicaca,PUNO,SUR,3810.14,3810.18,m.s.n.m,0.29,m.s.n.m,LD,3810.25,LAGO TITICACA
2001-06-01,13,47256412,MUELLE ENAFER,Región Hidrográfica del Titicaca,PUNO,SUR,3810.05,3810.14,m.s.n.m,0.31,m.s.n.m,D,3810.25,LAGO TITICACA
2001-07-01,13,47256412,MUELLE ENAFER,Región Hidrográfica del Titicaca,PUNO,SUR,3809.95,3810.05,m.s.n.m,0.34,m.s.n.m,D,3810.25,LAGO TITICACA
2001-08-01,13,47256412,MUELLE ENAFER,Región Hidrográfica del Titicaca,PUNO,SUR,3809.85,3809.95,m.s.n.m,0.36,m.s.n.m,D,3810.25,LAGO TITICACA
2001-09-01,13,47256412,MUELLE ENAFER,Región Hidrográfica del Titicaca,PUNO,SUR,3809.79,3809.85,m.s.n.m,0.34,m.s.n.m,D,3810.25,LAGO TITICACA
2001-10-01,13,47256412,MUELLE ENAFER,Región Hidrográfica del Titicaca,PUNO,SUR,3809.72,3809.79,m.s.n.m,0.36,m.s.n.m,D,3810.25,LAGO TITICACA
2001-11-01,13,47256412,MUELLE ENAFER,Región Hidrográfica del Titicaca,PUNO,SUR,3809.65,3809.72,m.s.n.m,0.36,m.s.n.m,D,3810.25,LAGO TITICACA
2001-12-01,13,47256412,MUELLE ENAFER,Región Hidrográfica del Titicaca,PUNO,SUR,3809.56,3809.65,m.s.n.m,0.32,m.s.n.m,D,3810.25,LAGO TITICACA
2002-01-01,13,47256412,MUELLE ENAFER,Región Hidrográfica del Titicaca,PUNO,SUR,3809.58,3809.56,m.s.n.m,0.22,m.s.n.m,E,3810.25,LAGO TITICACA
2002-02-01,13,47256412,MUELLE ENAFER,Región Hidrográfica del Titicaca,PUNO,SUR,3809.77,3809.58,m.s.n.m,0.18,m.s.n.m,A,3810.25,LAGO TITICACA
2002-03-01,13,47256412,MUELLE ENAFER,Región Hidrográfica del Titicaca,PUNO,SUR,3810.14,3809.77,m.s.n.m,0.33,m.s.n.m,A,3810.25,LAGO TITICACA
2002-04-01,13,47256412,MUELLE ENAFER,Región Hidrográfica del Titicaca,PUNO,SUR,3810.32,3810.14,m.s.n.m,0.41,m.s.n.m,A,3810.25,LAGO TITICACA
2002-05-01,13,47256412,MUELLE ENAFER,Región Hidrográfica del Titicaca,PUNO,SUR,3810.37,3810.32,m.s.n.m,0.52,m.s.n.m,A,3810.25,LAGO TITICACA
2002-06-01,13,47256412,MUELLE ENAFER,Región Hidrográfica del Titicaca,PUNO,SUR,3810.28,3810.37,m.s.n.m,0.54,m.s.n.m,D,3810.25,LAGO TITICACA
2002-07-01,13,47256412,MUELLE ENAFER,Región Hidrográfica del Titicaca,PUNO,SUR,3810.15,3810.28,m.s.n.m,0.54,m.s.n.m,D,3810.25,LAGO TITICACA
2002-08-01,13,47256412,MUELLE ENAFER,Región Hidrográfica del Titicaca,PUNO,SUR,3810.07,3810.15,m.s.n.m,0.58,m.s.n.m,D,3810.25,LAGO TITICACA
2002-09-01,13,47256412,MUELLE ENAFER,Región Hidrográfica del Titicaca,PUNO,SUR,3810.0,3810.07,m.s.n.m,0.55,m.s.n.m,D,3810.25,LAGO TITICACA
2002-10-01,13,47256412,MUELLE ENAFER,Región Hidrográfica del Titicaca,PUNO,SUR,3809.95,3810.0,m.s.n.m,0.59,m.s.n.m,D,3810.25,LAGO TITICACA
2002-11-01,13,47256412,MUELLE ENAFER,Región Hidrográfica del Titicaca,PUNO,SUR,3809.91,3809.95,m.s.n.m,0.63,m.s.n.m,LD,3810.25,LAGO TITICACA
2002-12-01,13,47256412,MUELLE ENAFER,Región Hidrográfica del Titicaca,PUNO,SUR,3809.95,3809.91,m.s.n.m,0.7,m.s.n.m,LA,3810.25,LAGO TITICACA
2003-01-01,13,47256412,MUELLE ENAFER,Región Hidrográfica del Titicaca,PUNO,SUR,3810.05,3809.95,m.s.n.m,0.69,m.s.n.m,A,3810.25,LAGO TITICACA
2003-02-01,13,47256412,MUELLE ENAFER,Región Hidrográfica del Titicaca,PUNO,SUR,3810.38,3810.05,m.s.n.m,0.79,m.s.n.m,A,3810.25,LAGO TITICACA
2003-02-01,13,47256412,MUELLE ENAFER,Región Hidrográfica del Titicaca,PUNO,SUR,3810.85,3810.9,m.s.n.m,1.0,m.s.n.m,D,3810.25,LAGO TITICACA
2003-03-01,13,47256412,MUELLE ENAFER,Región Hidrográfica del Titicaca,PUNO,SUR,3810.71,3810.38,m.s.n.m,0.91,m.s.n.m,A,3810.25,LAGO TITICACA
2003-04-01,13,47256412,MUELLE ENAFER,Región Hidrográfica del Titicaca,PUNO,SUR,3810.9,3810.71,m.s.n.m,0.99,m.s.n.m,A,3810.25,LAGO TITICACA
2003-05-01,13,47256412,MUELLE ENAFER,Región Hidrográfica del Titicaca,PUNO,SUR,3810.85,3810.9,m.s.n.m,1.0,m.s.n.m,D,3810.25,LAGO TITICACA
2003-06-01,13,47256412,MUELLE ENAFER,Región Hidrográfica del Titicaca,PUNO,SUR,3810.74,3810.85,m.s.n.m,1.01,m.s.n.m,D,3810.25,LAGO TITICACA
2003-07-01,13,47256412,MUELLE ENAFER,Región Hidrográfica del Titicaca,PUNO,SUR,3810.61,3810.74,m.s.n.m,1.0,m.s.n.m,D,3810.25,LAGO TITICACA
2003-08-01,13,47256412,MUELLE ENAFER,Región Hidrográfica del Titicaca,PUNO,SUR,3810.49,3810.61,m.s.n.m,1.0,m.s.n.m,D,3810.25,LAGO TITICACA
2003-09-01,13,47256412,MUELLE ENAFER,Región Hidrográfica del Titicaca,PUNO,SUR,3810.38,3810.49,m.s.n.m,0.93,m.s.n.m,D,3810.25,LAGO TITICACA
2003-10-01,13,47256412,MUELLE ENAFER,Región Hidrográfica del Titicaca,PUNO,SUR,3810.27,3810.38,m.s.n.m,0.91,m.s.n.m,D,3810.25,LAGO TITICACA
2003-11-01,13,47256412,MUELLE ENAFER,Región Hidrográfica del Titicaca,PUNO,SUR,3810.17,3810.27,m.s.n.m,0.89,m.s.n.m,D,3810.25,LAGO TITICACA
2003-12-01,13,47256412,MUELLE ENAFER,Región Hidrográfica del Titicaca,PUNO,SUR,3810.07,3810.17,m.s.n.m,0.82,m.s.n.m,D,3810.25,LAGO TITICACA
2004-01-01,13,47256412,MUELLE ENAFER,Región Hidrográfica del Titicaca,PUNO,SUR,3810.32,3810.07,m.s.n.m,0.96,m.s.n.m,A,3810.25,LAGO TITICACA
2004-02-01,13,47256412,MUELLE ENAFER,Región Hidrográfica del Titicaca,PUNO,SUR,3810.76,3810.32,m.s.n.m,1.16,m.s.n.m,A,3810.25,LAGO TITICACA
2004-03-01,13,47256412,MUELLE ENAFER,Región Hidrográfica del Titicaca,PUNO,SUR,3810.88,3810.76,m.s.n.m,1.08,m.s.n.m,A,3810.25,LAGO TITICACA
2004-04-01,13,47256412,MUELLE ENAFER,Región Hidrográfica del Titicaca,PUNO,SUR,3810.9,3810.88,m.s.n.m,0.99,m.s.n.m,E,3810.25,LAGO TITICACA
2004-05-01,13,47256412,MUELLE ENAFER,Región Hidrográfica del Titicaca,PUNO,SUR,3810.8,3810.9,m.s.n.m,0.95,m.s.n.m,D,3810.25,LAGO TITICACA
2004-06-01,13,47256412,MUELLE ENAFER,Región Hidrográfica del Titicaca,PUNO,SUR,3810.64,3810.8,m.s.n.m,0.91,m.s.n.m,D,3810.25,LAGO TITICACA
2004-07-01,13,47256412,MUELLE ENAFER,Región Hidrográfica del Titicaca,PUNO,SUR,3810.54,3810.64,m.s.n.m,0.92,m.s.n.m,D,3810.25,LAGO TITICACA
2004-08-01,13,47256412,MUELLE ENAFER,Región Hidrográfica del Titicaca,PUNO,SUR,3810.42,3810.54,m.s.n.m,0.93,m.s.n.m,D,3810.25,LAGO TITICACA
2004-09-01,13,47256412,MUELLE ENAFER,Región Hidrográfica del Titicaca,PUNO,SUR,3810.34,3810.42,m.s.n.m,0.89,m.s.n.m,D,3810.25,LAGO TITICACA
2004-10-01,13,47256412,MUELLE ENAFER,Región Hidrográfica del Titicaca,PUNO,SUR,3810.22,3810.34,m.s.n.m,0.86,m.s.n.m,D,3810.25,LAGO TITICACA
2004-11-01,13,47256412,MUELLE ENAFER,Región Hidrográfica del Titicaca,PUNO,SUR,3810.1,3810.22,m.s.n.m,0.82,m.s.n.m,D,3810.25,LAGO TITICACA
2004-12-01,13,47256412,MUELLE ENAFER,Región Hidrográfica del Titicaca,PUNO,SUR,3810.01,3810.1,m.s.n.m,0.77,m.s.n.m,D,3810.25,LAGO TITICACA
2005-01-01,13,47256412,MUELLE ENAFER,Región Hidrográfica del Titicaca,PUNO,SUR,3810.04,3810.01,m.s.n.m,0.68,m.s.n.m,LA,3810.25,LAGO TITICACA
2005-02-01,13,47256412,MUELLE ENAFER,Región Hidrográfica del Titicaca,PUNO,SUR,3810.18,3810.04,m.s.n.m,0.58,m.s.n.m,A,3810.25,LAGO TITICACA
2005-03-01,13,47256412,MUELLE ENAFER,Región Hidrográfica del Titicaca,PUNO,SUR,3810.35,3810.18,m.s.n.m,0.55,m.s.n.m,A,3810.25,LAGO TITICACA
2005-04-01,13,47256412,MUELLE ENAFER,Región Hidrográfica del Titicaca,PUNO,SUR,3810.37,3810.35,m.s.n.m,0.46,m.s.n.m,E,3810.25,LAGO TITICACA
2005-05-01,13,47256412,MUELLE ENAFER,Región Hidrográfica del Titicaca,PUNO,SUR,3810.24,3810.37,m.s.n.m,0.39,m.s.n.m,D,3810.25,LAGO TITICACA
2005-06-01,13,47256412,MUELLE ENAFER,Región Hidrográfica del Titicaca,PUNO,SUR,3810.1,3810.24,m.s.n.m,0.37,m.s.n.m,D,3810.25,LAGO TITICACA
2005-07-01,13,47256412,MUELLE ENAFER,Región Hidrográfica del Titicaca,PUNO,SUR,3809.96,3810.1,m.s.n.m,0.35,m.s.n.m,D,3810.25,LAGO TITICACA
2005-08-01,13,47256412,MUELLE ENAFER,Región Hidrográfica del Titicaca,PUNO,SUR,3809.83,3809.96,m.s.n.m,0.34,m.s.n.m,D,3810.25,LAGO TITICACA
2005-09-01,13,47256412,MUELLE ENAFER,Región Hidrográfica del Titicaca,PUNO,SUR,3809.71,3809.83,m.s.n.m,0.27,m.s.n.m,D,3810.25,LAGO TITICACA
2005-10-01,13,47256412,MUELLE ENAFER,Región Hidrográfica del Titicaca,PUNO,SUR,3809.66,3809.71,m.s.n.m,0.29,m.s.n.m,D,3810.25,LAGO TITICACA
2005-11-01,13,47256412,MUELLE ENAFER,Región Hidrográfica del Titicaca,PUNO,SUR,3809.59,3809.66,m.s.n.m,0.3,m.s.n.m,D,3810.25,LAGO TITICACA
2005-12-01,13,47256412,MUELLE ENAFER,Región Hidrográfica del Titicaca,PUNO,SUR,3809.55,3809.59,m.s.n.m,0.3,m.s.n.m,LD,3810.25,LAGO TITICACA
2006-01-01,13,47256412,MUELLE ENAFER,Región Hidrográfica del Titicaca,PUNO,SUR,3809.75,3809.55,m.s.n.m,0.39,m.s.n.m,A,3810.25,LAGO TITICACA
2006-02-01,13,47256412,MUELLE ENAFER,Región Hidrográfica del Titicaca,PUNO,SUR,3810.13,3809.75,m.s.n.m,0.53,m.s.n.m,A,3810.25,LAGO TITICACA
2006-03-01,13,47256412,MUELLE ENAFER,Región Hidrográfica del Titicaca,PUNO,SUR,3810.21,3810.13,m.s.n.m,0.4,m.s.n.m,A,3810.25,LAGO TITICACA
2006-04-01,13,47256412,MUELLE ENAFER,Región Hidrográfica del Titicaca,PUNO,SUR,3810.35,3810.21,m.s.n.m,0.44,m.s.n.m,A,3810.25,LAGO TITICACA
2006-05-01,13,47256412,MUELLE ENAFER,Región Hidrográfica del Titicaca,PUNO,SUR,3810.26,3810.35,m.s.n.m,0.41,m.s.n.m,D,3810.25,LAGO TITICACA
2006-06-01,13,47256412,MUELLE ENAFER,Región Hidrográfica del Titicaca,PUNO,SUR,3810.13,3810.26,m.s.n.m,0.4,m.s.n.m,D,3810.25,LAGO TITICACA
2006-07-01,13,47256412,MUELLE ENAFER,Región Hidrográfica del Titicaca,PUNO,SUR,3810.01,3810.13,m.s.n.m,0.4,m.s.n.m,D,3810.25,LAGO TITICACA
2006-08-01,13,47256412,MUELLE ENAFER,Región Hidrográfica del Titicaca,PUNO,SUR,3809.87,3810.01,m.s.n.m,0.38,m.s.n.m,D,3810.25,LAGO TITICACA
2006-09-01,13,47256412,MUELLE ENAFER,Región Hidrográfica del Titicaca,PUNO,SUR,3809.77,3809.87,m.s.n.m,0.32,m.s.n.m,D,3810.25,LAGO TITICACA
2006-10-01,13,47256412,MUELLE ENAFER,Región Hidrográfica del Titicaca,PUNO,SUR,3809.67,3809.77,m.s.n.m,0.31,m.s.n.m,D,3810.25,LAGO TITICACA
2006-11-01,13,47256412,MUELLE ENAFER,Región Hidrográfica del Titicaca,PUNO,SUR,3809.62,3809.67,m.s.n.m,0.34,m.s.n.m,D,3810.25,LAGO TITICACA
2006-12-01,13,47256412,MUELLE ENAFER,Región Hidrográfica del Titicaca,PUNO,SUR,3809.6,3809.62,m.s.n.m,0.35,m.s.n.m,LD,3810.25,LAGO TITICACA
2007-01-01,13,47256412,MUELLE ENAFER,Región Hidrográfica del Titicaca,PUNO,SUR,3809.7,3809.6,m.s.n.m,0.34,m.s.n.m,A,3810.25,LAGO TITICACA
2007-02-01,13,47256412,MUELLE ENAFER,Región Hidrográfica del Titicaca,PUNO,SUR,3809.75,3809.7,m.s.n.m,0.15,m.s.n.m,A,3810.25,LAGO TITICACA
2007-03-01,13,47256412,MUELLE ENAFER,Región Hidrográfica del Titicaca,PUNO,SUR,3809.93,3809.75,m.s.n.m,0.12,m.s.n.m,A,3810.25,LAGO TITICACA
2007-04-01,13,47256412,MUELLE ENAFER,Región Hidrográfica del Titicaca,PUNO,SUR,3810.11,3809.93,m.s.n.m,0.2,m.s.n.m,A,3810.25,LAGO TITICACA
2007-05-01,13,47256412,MUELLE ENAFER,Región Hidrográfica del Titicaca,PUNO,SUR,3810.08,3810.11,m.s.n.m,0.23,m.s.n.m,LD,3810.25,LAGO TITICACA
2007-06-01,13,47256412,MUELLE ENAFER,Región Hidrográfica del Titicaca,PUNO,SUR,3809.95,3810.08,m.s.n.m,0.22,m.s.n.m,D,3810.25,LAGO TITICACA
2007-07-01,13,47256412,MUELLE ENAFER,Región Hidrográfica del Titicaca,PUNO,SUR,3809.83,3809.95,m.s.n.m,0.21,m.s.n.m,D,3810.25,LAGO TITICACA
2007-08-01,13,47256412,MUELLE ENAFER,Región Hidrográfica del Titicaca,PUNO,SUR,3809.7,3809.83,m.s.n.m,0.21,m.s.n.m,D,3810.25,LAGO TITICACA
2007-09-01,13,47256412,MUELLE ENAFER,Región Hidrográfica del Titicaca,PUNO,SUR,3809.65,3809.7,m.s.n.m,0.21,m.s.n.m,D,3810.25,LAGO TITICACA
2007-10-01,13,47256412,MUELLE ENAFER,Región Hidrográfica del Titicaca,PUNO,SUR,3809.56,3809.65,m.s.n.m,0.2,m.s.n.m,D,3810.25,LAGO TITICACA
2007-11-01,13,47256412,MUELLE ENAFER,Región Hidrográfica del Titicaca,PUNO,SUR,3809.46,3809.56,m.s.n.m,0.17,m.s.n.m,D,3810.25,LAGO TITICACA
2007-12-01,13,47256412,MUELLE ENAFER,Región Hidrográfica del Titicaca,PUNO,SUR,3809.45,3809.46,m.s.n.m,0.2,m.s.n.m,E,3810.25,LAGO TITICACA
2008-01-01,13,47256412,MUELLE ENAFER,Región Hidrográfica del Titicaca,PUNO,SUR,3809.53,3809.45,m.s.n.m,0.17,m.s.n.m,A,3810.25,LAGO TITICACA
2008-02-01,13,47256412,MUELLE ENAFER,Región Hidrográfica del Titicaca,PUNO,SUR,3809.77,3809.53,m.s.n.m,0.17,m.s.n.m,A,3810.25,LAGO TITICACA
2008-03-01,13,47256412,MUELLE ENAFER,Región Hidrográfica del Titicaca,PUNO,SUR,3809.93,3809.77,m.s.n.m,0.12,m.s.n.m,A,3810.25,LAGO TITICACA
2008-04-01,13,47256412,MUELLE ENAFER,Región Hidrográfica del Titicaca,PUNO,SUR,3809.9,3809.93,m.s.n.m,-0.01,m.s.n.m,LD,3810.25,LAGO TITICACA
2008-05-01,13,47256412,MUELLE ENAFER,Región Hidrográfica del Titicaca,PUNO,SUR,3809.78,3809.9,m.s.n.m,-0.07,m.s.n.m,D,3810.25,LAGO TITICACA
2008-06-01,13,47256412,MUELLE ENAFER,Región Hidrográfica del Titicaca,PUNO,SUR,3809.65,3809.78,m.s.n.m,-0.08,m.s.n.m,D,3810.25,LAGO TITICACA
2008-07-01,13,47256412,MUELLE ENAFER,Región Hidrográfica del Titicaca,PUNO,SUR,3809.53,3809.65,m.s.n.m,-0.09,m.s.n.m,D,3810.25,LAGO TITICACA
2008-08-01,13,47256412,MUELLE ENAFER,Región Hidrográfica del Titicaca,PUNO,SUR,3809.39,3809.53,m.s.n.m,-0.1,m.s.n.m,D,3810.25,LAGO TITICACA
2008-09-01,13,47256412,MUELLE ENAFER,Región Hidrográfica del Titicaca,PUNO,SUR,3809.28,3809.39,m.s.n.m,-0.17,m.s.n.m,D,3810.25,LAGO TITICACA
2008-10-01,13,47256412,MUELLE ENAFER,Región Hidrográfica del Titicaca,PUNO,SUR,3809.17,3809.28,m.s.n.m,-0.19,m.s.n.m,D,3810.25,LAGO TITICACA
2008-11-01,13,47256412,MUELLE ENAFER,Región Hidrográfica del Titicaca,PUNO,SUR,3809.07,3809.17,m.s.n.m,-0.21,m.s.n.m,D,3810.25,LAGO TITICACA
2008-12-01,13,47256412,MUELLE ENAFER,Región Hidrográfica del Titicaca,PUNO,SUR,3809.02,3809.07,m.s.n.m,-0.22,m.s.n.m,D,3810.25,LAGO TITICACA
2009-01-01,13,47256412,MUELLE ENAFER,Región Hidrográfica del Titicaca,PUNO,SUR,3809.13,3809.02,m.s.n.m,-0.23,m.s.n.m,A,3810.25,LAGO TITICACA
2009-02-01,13,47256412,MUELLE ENAFER,Región Hidrográfica del Titicaca,PUNO,SUR,3809.19,3809.13,m.s.n.m,-0.41,m.s.n.m,A,3810.25,LAGO TITICACA
2009-03-01,13,47256412,MUELLE ENAFER,Región Hidrográfica del Titicaca,PUNO,SUR,3809.32,3809.19,m.s.n.m,-0.48,m.s.n.m,A,3810.25,LAGO TITICACA
2009-04-01,13,47256412,MUELLE ENAFER,Región Hidrográfica del Titicaca,PUNO,SUR,3809.34,3809.32,m.s.n.m,-0.57,m.s.n.m,E,3810.25,LAGO TITICACA
2009-05-01,13,47256412,MUELLE ENAFER,Región Hidrográfica del Titicaca,PUNO,SUR,3809.23,3809.34,m.s.n.m,-0.63,m.s.n.m,D,3810.25,LAGO TITICACA
2009-06-01,13,47256412,MUELLE ENAFER,Región Hidrográfica del Titicaca,PUNO,SUR,3809.08,3809.23,m.s.n.m,-0.65,m.s.n.m,D,3810.25,LAGO TITICACA
2009-07-01,13,47256412,MUELLE ENAFER,Región Hidrográfica del Titicaca,PUNO,SUR,3808.96,3809.08,m.s.n.m,-0.66,m.s.n.m,D,3810.25,LAGO TITICACA
2009-08-01,13,47256412,MUELLE ENAFER,Región Hidrográfica del Titicaca,PUNO,SUR,3808.83,3808.96,m.s.n.m,-0.66,m.s.n.m,D,3810.25,LAGO TITICACA
2009-09-01,13,47256412,MUELLE ENAFER,Región Hidrográfica del Titicaca,PUNO,SUR,3808.72,3808.83,m.s.n.m,-0.73,m.s.n.m,D,3810.25,LAGO TITICACA
2009-10-01,13,47256412,MUELLE ENAFER,Región Hidrográfica del Titicaca,PUNO,SUR,3808.61,3808.72,m.s.n.m,-0.75,m.s.n.m,D,3810.25,LAGO TITICACA
2009-11-01,13,47256412,MUELLE ENAFER,Región Hidrográfica del Titicaca,PUNO,SUR,3808.53,3808.61,m.s.n.m,-0.75,m.s.n.m,D,3810.25,LAGO TITICACA
2009-12-01,13,47256412,MUELLE ENAFER,Región Hidrográfica del Titicaca,PUNO,SUR,3808.56,3808.53,m.s.n.m,-0.69,m.s.n.m,LA,3810.25,LAGO TITICACA
2010-01-01,13,47256412,MUELLE ENAFER,Región Hidrográfica del Titicaca,PUNO,SUR,3808.7,3808.56,m.s.n.m,-0.66,m.s.n.m,A,3810.25,LAGO TITICACA
2010-02-01,13,47256412,MUELLE ENAFER,Región Hidrográfica del Titicaca,PUNO,SUR,3809.04,3808.7,m.s.n.m,-0.56,m.s.n.m,A,3810.25,LAGO TITICACA
2010-03-01,13,47256412,MUELLE ENAFER,Región Hidrográfica del Titicaca,PUNO,SUR,3809.32,3809.04,m.s.n.m,-0.49,m.s.n.m,A,3810.25,LAGO TITICACA
2010-04-01,13,47256412,MUELLE ENAFER,Región Hidrográfica del Titicaca,PUNO,SUR,3809.32,3809.32,m.s.n.m,-0.59,m.s.n.m,E,3810.25,LAGO TITICACA
2010-05-01,13,47256412,MUELLE ENAFER,Región Hidrográfica del Titicaca,PUNO,SUR,3809.23,3809.32,m.s.n.m,-0.62,m.s.n.m,D,3810.25,LAGO TITICACA
2010-06-01,13,47256412,MUELLE ENAFER,Región Hidrográfica del Titicaca,PUNO,SUR,3809.13,3809.23,m.s.n.m,-0.61,m.s.n.m,D,3810.25,LAGO TITICACA
2010-07-01,13,47256412,MUELLE ENAFER,Región Hidrográfica del Titicaca,PUNO,SUR,3809.0,3809.13,m.s.n.m,-0.61,m.s.n.m,D,3810.25,LAGO TITICACA
2010-08-01,13,47256412,MUELLE ENAFER,Región Hidrográfica del Titicaca,PUNO,SUR,3808.87,3809.0,m.s.n.m,-0.62,m.s.n.m,D,3810.25,LAGO TITICACA
2010-09-01,13,47256412,MUELLE ENAFER,Región Hidrográfica del Titicaca,PUNO,SUR,3808.76,3808.87,m.s.n.m,-0.68,m.s.n.m,D,3810.25,LAGO TITICACA
2010-10-01,13,47256412,MUELLE ENAFER,Región Hidrográfica del Titicaca,PUNO,SUR,3808.65,3808.76,m.s.n.m,-0.71,m.s.n.m,D,3810.25,LAGO TITICACA
2010-11-01,13,47256412,MUELLE ENAFER,Región Hidrográfica del Titicaca,PUNO,SUR,3808.54,3808.65,m.s.n.m,-0.74,m.s.n.m,D,3810.25,LAGO TITICACA
2010-12-01,13,47256412,MUELLE ENAFER,Región Hidrográfica del Titicaca,PUNO,SUR,3808.47,3808.54,m.s.n.m,-0.78,m.s.n.m,D,3810.25,LAGO TITICACA
2011-01-01,13,47256412,MUELLE ENAFER,Región Hidrográfica del Titicaca,PUNO,SUR,3808.54,3808.47,m.s.n.m,-0.82,m.s.n.m,A,3810.25,LAGO TITICACA
2011-02-01,13,47256412,MUELLE ENAFER,Región Hidrográfica del Titicaca,PUNO,SUR,3808.74,3808.54,m.s.n.m,-0.86,m.s.n.m,A,3810.25,LAGO TITICACA
2011-03-01,13,47256412,MUELLE ENAFER,Región Hidrográfica del Titicaca,PUNO,SUR,3809.16,3808.74,m.s.n.m,-0.65,m.s.n.m,A,3810.25,LAGO TITICACA
2011-04-01,13,47256412,MUELLE ENAFER,Región Hidrográfica del Titicaca,PUNO,SUR,3809.29,3809.16,m.s.n.m,-0.62,m.s.n.m,A,3810.25,LAGO TITICACA
2011-05-01,13,47256412,MUELLE ENAFER,Región Hidrográfica del Titicaca,PUNO,SUR,3809.22,3809.29,m.s.n.m,-0.63,m.s.n.m,D,3810.25,LAGO TITICACA
2011-06-01,13,47256412,MUELLE ENAFER,Región Hidrográfica del Titicaca,PUNO,SUR,3809.11,3809.22,m.s.n.m,-0.63,m.s.n.m,D,3810.25,LAGO TITICACA
2011-07-01,13,47256412,MUELLE ENAFER,Región Hidrográfica del Titicaca,PUNO,SUR,3809.0,3809.11,m.s.n.m,-0.61,m.s.n.m,D,3810.25,LAGO TITICACA
2011-08-01,13,47256412,MUELLE ENAFER,Región Hidrográfica del Titicaca,PUNO,SUR,3808.87,3809.0,m.s.n.m,-0.62,m.s.n.m,D,3810.25,LAGO TITICACA
2011-09-01,13,47256412,MUELLE ENAFER,Región Hidrográfica del Titicaca,PUNO,SUR,3808.78,3808.87,m.s.n.m,-0.67,m.s.n.m,D,3810.25,LAGO TITICACA
2011-10-01,13,47256412,MUELLE ENAFER,Región Hidrográfica del Titicaca,PUNO,SUR,3808.7,3808.78,m.s.n.m,-0.66,m.s.n.m,D,3810.25,LAGO TITICACA
2011-11-01,13,47256412,MUELLE ENAFER,Región Hidrográfica del Titicaca,PUNO,SUR,3808.61,3808.7,m.s.n.m,-0.67,m.s.n.m,D,3810.25,LAGO TITICACA
2011-12-01,13,47256412,MUELLE ENAFER,Región Hidrográfica del Titicaca,PUNO,SUR,3808.58,3808.61,m.s.n.m,-0.67,m.s.n.m,LD,3810.25,LAGO TITICACA
2012-01-01,13,47256412,MUELLE ENAFER,Región Hidrográfica del Titicaca,PUNO,SUR,3808.83,3808.58,m.s.n.m,-0.53,m.s.n.m,A,3810.25,LAGO TITICACA
2012-02-01,13,47256412,MUELLE ENAFER,Región Hidrográfica del Titicaca,PUNO,SUR,3809.22,3808.83,m.s.n.m,-0.37,m.s.n.m,A,3810.25,LAGO TITICACA
2012-03-01,13,47256412,MUELLE ENAFER,Región Hidrográfica del Titicaca,PUNO,SUR,3809.72,3809.22,m.s.n.m,-0.09,m.s.n.m,A,3810.25,LAGO TITICACA
2012-04-01,13,47256412,MUELLE ENAFER,Región Hidrográfica del Titicaca,PUNO,SUR,3809.91,3809.72,m.s.n.m,0.0,m.s.n.m,A,3810.25,LAGO TITICACA
2012-05-01,13,47256412,MUELLE ENAFER,Región Hidrográfica del Titicaca,PUNO,SUR,3809.89,3809.91,m.s.n.m,0.04,m.s.n.m,E,3810.25,LAGO TITICACA
2012-06-01,13,47256412,MUELLE ENAFER,Región Hidrográfica del Titicaca,PUNO,SUR,3809.78,3809.89,m.s.n.m,0.05,m.s.n.m,D,3810.25,LAGO TITICACA
2012-07-01,13,47256412,MUELLE ENAFER,Región Hidrográfica del Titicaca,PUNO,SUR,3809.66,3809.78,m.s.n.m,0.04,m.s.n.m,D,3810.25,LAGO TITICACA
2012-07-01,13,47256412,MUELLE ENAFER,Región Hidrográfica del Titicaca,PUNO,SUR,3809.41,3809.53,m.s.n.m,-0.04,m.s.n.m,D,3810.25,LAGO TITICACA
2012-08-01,13,47256412,MUELLE ENAFER,Región Hidrográfica del Titicaca,PUNO,SUR,3809.53,3809.66,m.s.n.m,0.04,m.s.n.m,D,3810.25,LAGO TITICACA
2012-09-01,13,47256412,MUELLE ENAFER,Región Hidrográfica del Titicaca,PUNO,SUR,3809.41,3809.53,m.s.n.m,-0.04,m.s.n.m,D,3810.25,LAGO TITICACA
2012-10-01,13,47256412,MUELLE ENAFER,Región Hidrográfica del Titicaca,PUNO,SUR,3809.29,3809.41,m.s.n.m,-0.07,m.s.n.m,D,3810.25,LAGO TITICACA
2012-11-01,13,47256412,MUELLE ENAFER,Región Hidrográfica del Titicaca,PUNO,SUR,3809.2,3809.29,m.s.n.m,-0.08,m.s.n.m,D,3810.25,LAGO TITICACA
2012-12-01,13,47256412,MUELLE ENAFER,Región Hidrográfica del Titicaca,PUNO,SUR,3809.23,3809.2,m.s.n.m,-0.02,m.s.n.m,LA,3810.25,LAGO TITICACA
2013-01-01,13,47256412,MUELLE ENAFER,Región Hidrográfica del Titicaca,PUNO,SUR,3809.44,3809.23,m.s.n.m,0.08,m.s.n.m,A,3810.25,LAGO TITICACA
2013-02-01,13,47256412,MUELLE ENAFER,Región Hidrográfica del Titicaca,PUNO,SUR,3809.79,3809.44,m.s.n.m,0.2,m.s.n.m,A,3810.25,LAGO TITICACA
2013-03-01,13,47256412,MUELLE ENAFER,Región Hidrográfica del Titicaca,PUNO,SUR,3810.07,3809.79,m.s.n.m,0.26,m.s.n.m,A,3810.25,LAGO TITICACA
2013-04-01,13,47256412,MUELLE ENAFER,Región Hidrográfica del Titicaca,PUNO,SUR,3810.09,3810.07,m.s.n.m,0.18,m.s.n.m,LA,3810.25,LAGO TITICACA
2013-05-01,13,47256412,MUELLE ENAFER,Región Hidrográfica del Titicaca,PUNO,SUR,3809.99,3810.09,m.s.n.m,0.14,m.s.n.m,D,3810.25,LAGO TITICACA
2013-06-01,13,47256412,MUELLE ENAFER,Región Hidrográfica del Titicaca,PUNO,SUR,3809.89,3809.99,m.s.n.m,0.16,m.s.n.m,D,3810.25,LAGO TITICACA
2013-07-01,13,47256412,MUELLE ENAFER,Región Hidrográfica del Titicaca,PUNO,SUR,3809.8,3809.89,m.s.n.m,0.18,m.s.n.m,D,3810.25,LAGO TITICACA
2013-08-01,13,47256412,MUELLE ENAFER,Región Hidrográfica del Titicaca,PUNO,SUR,3809.68,3809.8,m.s.n.m,0.19,m.s.n.m,D,3810.25,LAGO TITICACA
2013-09-01,13,47256412,MUELLE ENAFER,Región Hidrográfica del Titicaca,PUNO,SUR,3809.57,3809.68,m.s.n.m,0.12,m.s.n.m,D,3810.25,LAGO TITICACA
2013-10-01,13,47256412,MUELLE ENAFER,Región Hidrográfica del Titicaca,PUNO,SUR,3809.46,3809.57,m.s.n.m,0.1,m.s.n.m,D,3810.25,LAGO TITICACA
2013-11-01,13,47256412,MUELLE ENAFER,Región Hidrográfica del Titicaca,PUNO,SUR,3809.4,3809.46,m.s.n.m,0.12,m.s.n.m,D,3810.25,LAGO TITICACA
2013-12-01,13,47256412,MUELLE ENAFER,Región Hidrográfica del Titicaca,PUNO,SUR,3809.38,3809.4,m.s.n.m,0.13,m.s.n.m,LD,3810.25,LAGO TITICACA
2014-01-01,13,47256412,MUELLE ENAFER,Región Hidrográfica del Titicaca,PUNO,SUR,3809.57,3809.38,m.s.n.m,0.21,m.s.n.m,A,3810.25,LAGO TITICACA
2014-02-01,13,47256412,MUELLE ENAFER,Región Hidrográfica del Titicaca,PUNO,SUR,3809.84,3809.57,m.s.n.m,0.25,m.s.n.m,A,3810.25,LAGO TITICACA
2014-03-01,13,47256412,MUELLE ENAFER,Región Hidrográfica del Titicaca,PUNO,SUR,3809.9,3809.84,m.s.n.m,0.09,m.s.n.m,A,3810.25,LAGO TITICACA
2014-04-01,13,47256412,MUELLE ENAFER,Región Hidrográfica del Titicaca,PUNO,SUR,3809.89,3809.9,m.s.n.m,-0.02,m.s.n.m,E,3810.25,LAGO TITICACA
2014-05-01,13,47256412,MUELLE ENAFER,Región Hidrográfica del Titicaca,PUNO,SUR,3809.8,3809.89,m.s.n.m,-0.05,m.s.n.m,D,3810.25,LAGO TITICACA
2014-06-01,13,47256412,MUELLE ENAFER,Región Hidrográfica del Titicaca,PUNO,SUR,3809.67,3809.8,m.s.n.m,-0.06,m.s.n.m,D,3810.25,LAGO TITICACA
2014-07-01,13,47256412,MUELLE ENAFER,Región Hidrográfica del Titicaca,PUNO,SUR,3809.55,3809.67,m.s.n.m,-0.06,m.s.n.m,D,3810.25,LAGO TITICACA
2014-08-01,13,47256412,MUELLE ENAFER,Región Hidrográfica del Titicaca,PUNO,SUR,3809.43,3809.55,m.s.n.m,-0.06,m.s.n.m,D,3810.25,LAGO TITICACA
2014-09-01,13,47256412,MUELLE ENAFER,Región Hidrográfica del Titicaca,PUNO,SUR,3809.38,3809.43,m.s.n.m,-0.06,m.s.n.m,D,3810.25,LAGO TITICACA
2014-10-01,13,47256412,MUELLE ENAFER,Región Hidrográfica del Titicaca,PUNO,SUR,3809.35,3809.38,m.s.n.m,-0.01,m.s.n.m,LD,3810.25,LAGO TITICACA
2014-11-01,13,47256412,MUELLE ENAFER,Región Hidrográfica del Titicaca,PUNO,SUR,3809.25,3809.35,m.s.n.m,-0.03,m.s.n.m,D,3810.25,LAGO TITICACA
2014-12-01,13,47256412,MUELLE ENAFER,Región Hidrográfica del Titicaca,PUNO,SUR,3809.16,3809.25,m.s.n.m,-0.08,m.s.n.m,D,3810.25,LAGO TITICACA
2015-01-01,13,47256412,MUELLE ENAFER,Región Hidrográfica del Titicaca,PUNO,SUR,3809.29,3809.16,m.s.n.m,-0.07,m.s.n.m,A,3810.25,LAGO TITICACA
2015-02-01,13,47256412,MUELLE ENAFER,Región Hidrográfica del Titicaca,PUNO,SUR,3809.47,3809.29,m.s.n.m,-0.13,m.s.n.m,A,3810.25,LAGO TITICACA
2015-03-01,13,47256412,MUELLE ENAFER,Región Hidrográfica del Titicaca,PUNO,SUR,3809.62,3809.47,m.s.n.m,-0.19,m.s.n.m,A,3810.25,LAGO TITICACA
2015-04-01,13,47256412,MUELLE ENAFER,Región Hidrográfica del Titicaca,PUNO,SUR,3809.74,3809.62,m.s.n.m,-0.17,m.s.n.m,A,3810.25,LAGO TITICACA
2015-05-01,13,47256412,MUELLE ENAFER,Región Hidrográfica del Titicaca,PUNO,SUR,3809.78,3809.74,m.s.n.m,-0.07,m.s.n.m,LA,3810.25,LAGO TITICACA
2015-06-01,13,47256412,MUELLE ENAFER,Región Hidrográfica del Titicaca,PUNO,SUR,3809.68,3809.78,m.s.n.m,-0.05,m.s.n.m,D,3810.25,LAGO TITICACA
2015-07-01,13,47256412,MUELLE ENAFER,Región Hidrográfica del Titicaca,PUNO,SUR,3809.56,3809.68,m.s.n.m,-0.05,m.s.n.m,D,3810.25,LAGO TITICACA
2015-08-01,13,47256412,MUELLE ENAFER,Región Hidrográfica del Titicaca,PUNO,SUR,3809.45,3809.56,m.s.n.m,-0.04,m.s.n.m,D,3810.25,LAGO TITICACA
2015-09-01,13,47256412,MUELLE ENAFER,Región Hidrográfica del Titicaca,PUNO,SUR,3809.36,3809.45,m.s.n.m,-0.09,m.s.n.m,D,3810.25,LAGO TITICACA
2015-10-01,13,47256412,MUELLE ENAFER,Región Hidrográfica del Titicaca,PUNO,SUR,3809.27,3809.36,m.s.n.m,-0.1,m.s.n.m,D,3810.25,LAGO TITICACA
2015-11-01,13,47256412,MUELLE ENAFER,Región Hidrográfica del Titicaca,PUNO,SUR,3809.2,3809.27,m.s.n.m,-0.08,m.s.n.m,D,3810.25,LAGO TITICACA
2015-12-01,13,47256412,MUELLE ENAFER,Región Hidrográfica del Titicaca,PUNO,SUR,3809.13,3809.2,m.s.n.m,-0.12,m.s.n.m,D,3810.25,LAGO TITICACA
2016-01-01,13,47256412,MUELLE ENAFER,Región Hidrográfica del Titicaca,PUNO,SUR,3809.15,3809.13,m.s.n.m,-0.21,m.s.n.m,LA,3810.25,LAGO TITICACA
2016-02-01,13,47256412,MUELLE ENAFER,Región Hidrográfica del Titicaca,PUNO,SUR,3809.26,3809.15,m.s.n.m,-0.34,m.s.n.m,A,3810.25,LAGO TITICACA
2016-03-01,13,47256412,MUELLE ENAFER,Región Hidrográfica del Titicaca,PUNO,SUR,3809.44,3809.26,m.s.n.m,-0.36,m.s.n.m,A,3810.25,LAGO TITICACA
2016-04-01,13,47256412,MUELLE ENAFER,Región Hidrográfica del Titicaca,PUNO,SUR,3809.41,3809.44,m.s.n.m,-0.5,m.s.n.m,LD,3810.25,LAGO TITICACA
2016-05-01,13,47256412,MUELLE ENAFER,Región Hidrográfica del Titicaca,PUNO,SUR,3809.34,3809.41,m.s.n.m,-0.51,m.s.n.m,D,3810.25,LAGO TITICACA
2016-06-01,13,47256412,MUELLE ENAFER,Región Hidrográfica del Titicaca,PUNO,SUR,3809.19,3809.34,m.s.n.m,-0.54,m.s.n.m,D,3810.25,LAGO TITICACA
2016-07-01,13,47256412,MUELLE ENAFER,Región Hidrográfica del Titicaca,PUNO,SUR,3809.07,3809.19,m.s.n.m,-0.54,m.s.n.m,D,3810.25,LAGO TITICACA
2016-08-01,13,47256412,MUELLE ENAFER,Región Hidrográfica del Titicaca,PUNO,SUR,3808.96,3809.07,m.s.n.m,-0.54,m.s.n.m,D,3810.25,LAGO TITICACA
2016-09-01,13,47256412,MUELLE ENAFER,Región Hidrográfica del Titicaca,PUNO,SUR,3808.83,3808.96,m.s.n.m,-0.62,m.s.n.m,D,3810.25,LAGO TITICACA
2016-10-01,13,47256412,MUELLE ENAFER,Región Hidrográfica del Titicaca,PUNO,SUR,3808.73,3808.83,m.s.n.m,-0.63,m.s.n.m,D,3810.25,LAGO TITICACA
2016-11-01,13,47256412,MUELLE ENAFER,Región Hidrográfica del Titicaca,PUNO,SUR,3808.61,3808.73,m.s.n.m,-0.68,m.s.n.m,D,3810.25,LAGO TITICACA
2016-12-01,13,47256412,MUELLE ENAFER,Región Hidrográfica del Titicaca,PUNO,SUR,3808.53,3808.61,m.s.n.m,-0.71,m.s.n.m,D,3810.25,LAGO TITICACA
2017-01-01,13,47256412,MUELLE ENAFER,Región Hidrográfica del Titicaca,PUNO,SUR,3808.61,3808.53,m.s.n.m,-0.75,m.s.n.m,A,3810.25,LAGO TITICACA
2017-02-01,13,47256412,MUELLE ENAFER,Región Hidrográfica del Titicaca,PUNO,SUR,3808.66,3808.61,m.s.n.m,-0.94,m.s.n.m,A,3810.25,LAGO TITICACA
2017-03-01,13,47256412,MUELLE ENAFER,Región Hidrográfica del Titicaca,PUNO,SUR,3808.78,3808.66,m.s.n.m,-1.03,m.s.n.m,A,3810.25,LAGO TITICACA
2017-04-01,13,47256412,MUELLE ENAFER,Región Hidrográfica del Titicaca,PUNO,SUR,3809.02,3808.78,m.s.n.m,-0.89,m.s.n.m,A,3810.25,LAGO TITICACA
2017-05-01,13,47256412,MUELLE ENAFER,Región Hidrográfica del Titicaca,PUNO,SUR,3809.0,3809.02,m.s.n.m,-0.86,m.s.n.m,LD,3810.25,LAGO TITICACA
2017-06-01,13,47256412,MUELLE ENAFER,Región Hidrográfica del Titicaca,PUNO,SUR,3808.94,3809.0,m.s.n.m,-0.8,m.s.n.m,D,3810.25,LAGO TITICACA
2017-07-01,13,47256412,MUELLE ENAFER,Región Hidrográfica del Titicaca,PUNO,SUR,3808.83,3808.94,m.s.n.m,-0.78,m.s.n.m,D,3810.25,LAGO TITICACA
2017-08-01,13,47256412,MUELLE ENAFER,Región Hidrográfica del Titicaca,PUNO,SUR,3808.71,3808.83,m.s.n.m,-0.78,m.s.n.m,D,3810.25,LAGO TITICACA
2017-09-01,13,47256412,MUELLE ENAFER,Región Hidrográfica del Titicaca,PUNO,SUR,3808.64,3808.71,m.s.n.m,-0.81,m.s.n.m,D,3810.25,LAGO TITICACA
2017-10-01,13,47256412,MUELLE ENAFER,Región Hidrográfica del Titicaca,PUNO,SUR,3808.59,3808.64,m.s.n.m,-0.77,m.s.n.m,D,3810.25,LAGO TITICACA
2017-11-01,13,47256412,MUELLE ENAFER,Región Hidrográfica del Titicaca,PUNO,SUR,3808.5,3808.59,m.s.n.m,-0.78,m.s.n.m,D,3810.25,LAGO TITICACA
2017-12-01,13,47256412,MUELLE ENAFER,Región Hidrográfica del Titicaca,PUNO,SUR,3808.42,3808.5,m.s.n.m,-0.83,m.s.n.m,D,3810.25,LAGO TITICACA
2018-01-01,13,47256412,MUELLE ENAFER,Región Hidrográfica del Titicaca,PUNO,SUR,3808.49,3808.42,m.s.n.m,-0.87,m.s.n.m,A,3810.25,LAGO TITICACA
2018-02-01,13,47256412,MUELLE ENAFER,Región Hidrográfica del Titicaca,PUNO,SUR,3808.72,3808.49,m.s.n.m,-0.87,m.s.n.m,A,3810.25,LAGO TITICACA
2018-03-01,13,47256412,MUELLE ENAFER,Región Hidrográfica del Titicaca,PUNO,SUR,3809.07,3808.72,m.s.n.m,-0.73,m.s.n.m,A,3810.25,LAGO TITICACA
2018-04-01,13,47256412,MUELLE ENAFER,Región Hidrográfica del Titicaca,PUNO,SUR,3809.18,3809.07,m.s.n.m,-0.73,m.s.n.m,A,3810.25,LAGO TITICACA
2018-05-01,13,47256412,MUELLE ENAFER,Región Hidrográfica del Titicaca,PUNO,SUR,3809.1,3809.18,m.s.n.m,-0.75,m.s.n.m,D,3810.25,LAGO TITICACA
2018-06-01,13,47256412,MUELLE ENAFER,Región Hidrográfica del Titicaca,PUNO,SUR,3809.02,3809.1,m.s.n.m,-0.71,m.s.n.m,D,3810.25,LAGO TITICACA
2018-07-01,13,47256412,MUELLE ENAFER,Región Hidrográfica del Titicaca,PUNO,SUR,3808.94,3809.02,m.s.n.m,-0.68,m.s.n.m,D,3810.25,LAGO TITICACA
2018-08-01,13,47256412,MUELLE ENAFER,Región Hidrográfica del Titicaca,PUNO,SUR,3808.85,3808.94,m.s.n.m,-0.64,m.s.n.m,D,3810.25,LAGO TITICACA
2018-09-01,13,47256412,MUELLE ENAFER,Región Hidrográfica del Titicaca,PUNO,SUR,3808.74,3808.85,m.s.n.m,-0.7,m.s.n.m,D,3810.25,LAGO TITICACA
2018-10-01,13,47256412,MUELLE ENAFER,Región Hidrográfica del Titicaca,PUNO,SUR,3808.68,3808.74,m.s.n.m,-0.68,m.s.n.m,D,3810.25,LAGO TITICACA
2018-11-01,13,47256412,MUELLE ENAFER,Región Hidrográfica del Titicaca,PUNO,SUR,3808.64,3808.68,m.s.n.m,-0.64,m.s.n.m,LD,3810.25,LAGO TITICACA
2018-12-01,13,47256412,MUELLE ENAFER,Región Hidrográfica del Titicaca,PUNO,SUR,3808.56,3808.64,m.s.n.m,-0.68,m.s.n.m,D,3810.25,LAGO TITICACA
2019-01-01,13,47256412,MUELLE ENAFER,Región Hidrográfica del Titicaca,PUNO,SUR,3808.63,3808.56,m.s.n.m,-0.74,m.s.n.m,A,3810.25,LAGO TITICACA
2019-02-01,13,47256412,MUELLE ENAFER,Región Hidrográfica del Titicaca,PUNO,SUR,3808.86,3808.63,m.s.n.m,-0.73,m.s.n.m,A,3810.25,LAGO TITICACA
2019-03-01,13,47256412,MUELLE ENAFER,Región Hidrográfica del Titicaca,PUNO,SUR,3809.03,3808.86,m.s.n.m,-0.78,m.s.n.m,A,3810.25,LAGO TITICACA
2019-04-01,13,47256412,MUELLE ENAFER,Región Hidrográfica del Titicaca,PUNO,SUR,3809.13,3809.03,m.s.n.m,-0.78,m.s.n.m,A,3810.25,LAGO TITICACA
2019-05-01,13,47256412,MUELLE ENAFER,Región Hidrográfica del Titicaca,PUNO,SUR,3809.09,3809.13,m.s.n.m,-0.76,m.s.n.m,LD,3810.25,LAGO TITICACA
2019-06-01,13,47256412,MUELLE ENAFER,Región Hidrográfica del Titicaca,PUNO,SUR,3808.98,3809.09,m.s.n.m,-0.75,m.s.n.m,D,3810.25,LAGO TITICACA
2019-07-01,13,47256412,MUELLE ENAFER,Región Hidrográfica del Titicaca,PUNO,SUR,3808.89,3808.98,m.s.n.m,-0.73,m.s.n.m,D,3810.25,LAGO TITICACA
2019-08-01,13,47256412,MUELLE ENAFER,Región Hidrográfica del Titicaca,PUNO,SUR,3808.77,3808.89,m.s.n.m,-0.72,m.s.n.m,D,3810.25,LAGO TITICACA
2019-09-01,13,47256412,MUELLE ENAFER,Región Hidrográfica del Titicaca,PUNO,SUR,3808.68,3808.77,m.s.n.m,-0.77,m.s.n.m,D,3810.25,LAGO TITICACA
2019-10-01,13,47256412,MUELLE ENAFER,Región Hidrográfica del Titicaca,PUNO,SUR,3808.61,3808.68,m.s.n.m,-0.75,m.s.n.m,D,3810.25,LAGO TITICACA
2019-11-01,13,47256412,MUELLE ENAFER,Región Hidrográfica del Titicaca,PUNO,SUR,3808.56,3808.61,m.s.n.m,-0.72,m.s.n.m,D,3810.25,LAGO TITICACA
2019-12-01,13,47256412,MUELLE ENAFER,Región Hidrográfica del Titicaca,PUNO,SUR,3808.56,3808.56,m.s.n.m,-0.68,m.s.n.m,E,3810.25,LAGO TITICACA
2020-01-01,13,47256412,MUELLE ENAFER,Región Hidrográfica del Titicaca,PUNO,SUR,3808.66,3808.56,m.s.n.m,-0.7,m.s.n.m,A,3810.25,LAGO TITICACA
2020-02-01,13,47256412,MUELLE ENAFER,Región Hidrográfica del Titicaca,PUNO,SUR,3808.92,3808.66,m.s.n.m,-0.68,m.s.n.m,A,3810.25,LAGO TITICACA
2020-03-01,13,47256412,MUELLE ENAFER,Región Hidrográfica del Titicaca,PUNO,SUR,3809.19,3808.92,m.s.n.m,-0.62,m.s.n.m,A,3810.25,LAGO TITICACA
2020-04-01,13,47256412,MUELLE ENAFER,Región Hidrográfica del Titicaca,PUNO,SUR,3809.22,3809.19,m.s.n.m,-0.69,m.s.n.m,LA,3810.25,LAGO TITICACA
2020-05-01,13,47256412,MUELLE ENAFER,Región Hidrográfica del Titicaca,PUNO,SUR,3809.17,3809.22,m.s.n.m,-0.68,m.s.n.m,D,3810.25,LAGO TITICACA
2020-06-01,13,47256412,MUELLE ENAFER,Región Hidrográfica del Titicaca,PUNO,SUR,3809.08,3809.17,m.s.n.m,-0.66,m.s.n.m,D,3810.25,LAGO TITICACA
2020-07-01,13,47256412,MUELLE ENAFER,Región Hidrográfica del Titicaca,PUNO,SUR,3808.96,3809.08,m.s.n.m,-0.65,m.s.n.m,D,3810.25,LAGO TITICACA
2020-08-01,13,47256412,MUELLE ENAFER,Región Hidrográfica del Titicaca,PUNO,SUR,3808.84,3808.96,m.s.n.m,-0.65,m.s.n.m,D,3810.25,LAGO TITICACA
2020-09-01,13,47256412,MUELLE ENAFER,Región Hidrográfica del Titicaca,PUNO,SUR,3808.74,3808.84,m.s.n.m,-0.71,m.s.n.m,D,3810.25,LAGO TITICACA
2020-10-01,13,47256412,MUELLE ENAFER,Región Hidrográfica del Titicaca,PUNO,SUR,3808.67,3808.74,m.s.n.m,-0.69,m.s.n.m,D,3810.25,LAGO TITICACA
2020-11-01,13,47256412,MUELLE ENAFER,Región Hidrográfica del Titicaca,PUNO,SUR,3808.57,3808.67,m.s.n.m,-0.71,m.s.n.m,D,3810.25,LAGO TITICACA
2020-12-01,13,47256412,MUELLE ENAFER,Región Hidrográfica del Titicaca,PUNO,SUR,3808.49,3808.57,m.s.n.m,-0.76,m.s.n.m,D,3810.25,LAGO TITICACA
2021-01-01,13,47256412,MUELLE ENAFER,Región Hidrográfica del Titicaca,PUNO,SUR,3808.65,3808.49,m.s.n.m,-0.71,m.s.n.m,A,3810.25,LAGO TITICACA
2021-02-01,13,47256412,MUELLE ENAFER,Región Hidrográfica del Titicaca,PUNO,SUR,3808.82,3808.65,m.s.n.m,-0.77,m.s.n.m,A,3810.25,LAGO TITICACA
2021-03-01,13,47256412,MUELLE ENAFER,Región Hidrográfica del Titicaca,PUNO,SUR,3808.92,3808.82,m.s.n.m,-0.89,m.s.n.m,A,3810.25,LAGO TITICACA
2021-04-01,13,47256412,MUELLE ENAFER,Región Hidrográfica del Titicaca,PUNO,SUR,3809.11,3808.92,m.s.n.m,-0.8,m.s.n.m,A,3810.25,LAGO TITICACA
2021-05-01,13,47256412,MUELLE ENAFER,Región Hidrográfica del Titicaca,PUNO,SUR,3809.07,3809.11,m.s.n.m,-0.78,m.s.n.m,LD,3810.25,LAGO TITICACA
2021-06-01,13,47256412,MUELLE ENAFER,Región Hidrográfica del Titicaca,PUNO,SUR,3808.97,3809.07,m.s.n.m,-0.77,m.s.n.m,D,3810.25,LAGO TITICACA
2021-07-01,13,47256412,MUELLE ENAFER,Región Hidrográfica del Titicaca,PUNO,SUR,3808.85,3808.97,m.s.n.m,-0.76,m.s.n.m,D,3810.25,LAGO TITICACA
2021-08-01,13,47256412,MUELLE ENAFER,Región Hidrográfica del Titicaca,PUNO,SUR,3808.74,3808.85,m.s.n.m,-0.75,m.s.n.m,D,3810.25,LAGO TITICACA
2021-09-01,13,47256412,MUELLE ENAFER,Región Hidrográfica del Titicaca,PUNO,SUR,3808.63,3808.74,m.s.n.m,-0.81,m.s.n.m,D,3810.25,LAGO TITICACA
2021-10-01,13,47256412,MUELLE ENAFER,Región Hidrográfica del Titicaca,PUNO,SUR,3808.54,3808.63,m.s.n.m,-0.82,m.s.n.m,D,3810.25,LAGO TITICACA
2021-11-01,13,47256412,MUELLE ENAFER,Región Hidrográfica del Titicaca,PUNO,SUR,3808.43,3808.54,m.s.n.m,-0.85,m.s.n.m,D,3810.25,LAGO TITICACA
2021-12-01,13,47256412,MUELLE ENAFER,Región Hidrográfica del Titicaca,PUNO,SUR,3808.54,3808.43,m.s.n.m,-0.71,m.s.n.m,A,3810.25,LAGO TITICACA
2022-01-01,13,47256412,MUELLE ENAFER,Región Hidrográfica del Titicaca,PUNO,SUR,3808.77,3808.54,m.s.n.m,-0.59,m.s.n.m,A,3810.25,LAGO TITICACA
2022-02-01,13,47256412,MUELLE ENAFER,Región Hidrográfica del Titicaca,PUNO,SUR,3809.19,3808.77,m.s.n.m,-0.41,m.s.n.m,A,3810.25,LAGO TITICACA
2022-03-01,13,47256412,MUELLE ENAFER,Región Hidrográfica del Titicaca,PUNO,SUR,3809.4,3809.19,m.s.n.m,-0.41,m.s.n.m,A,3810.25,LAGO TITICACA
2022-04-01,13,47256412,MUELLE ENAFER,Región Hidrográfica del Titicaca,PUNO,SUR,3809.54,3809.4,m.s.n.m,-0.37,m.s.n.m,A,3810.25,LAGO TITICACA
2022-05-01,13,47256412,MUELLE ENAFER,Región Hidrográfica del Titicaca,PUNO,SUR,3809.45,3809.54,m.s.n.m,-0.4,m.s.n.m,D,3810.25,LAGO TITICACA
2022-06-01,13,47256412,MUELLE ENAFER,Región Hidrográfica del Titicaca,PUNO,SUR,3809.32,3809.45,m.s.n.m,-0.41,m.s.n.m,D,3810.25,LAGO TITICACA
2022-07-01,13,47256412,MUELLE ENAFER,Región Hidrográfica del Titicaca,PUNO,SUR,3809.2,3809.32,m.s.n.m,-0.41,m.s.n.m,D,3810.25,LAGO TITICACA
2022-08-01,13,47256412,MUELLE ENAFER,Región Hidrográfica del Titicaca,PUNO,SUR,3809.1,3809.2,m.s.n.m,-0.39,m.s.n.m,D,3810.25,LAGO TITICACA
2022-09-01,13,47256412,MUELLE ENAFER,Región Hidrográfica del Titicaca,PUNO,SUR,3808.98,3809.1,m.s.n.m,-0.46,m.s.n.m,D,3810.25,LAGO TITICACA
2022-10-01,13,47256412,MUELLE ENAFER,Región Hidrográfica del Titicaca,PUNO,SUR,3808.85,3808.98,m.s.n.m,-0.51,m.s.n.m,D,3810.25,LAGO TITICACA
2022-11-01,13,47256412,MUELLE ENAFER,Región Hidrográfica del Titicaca,PUNO,SUR,3808.71,3808.85,m.s.n.m,-0.57,m.s.n.m,D,3810.25,LAGO TITICACA
2022-12-01,13,47256412,MUELLE ENAFER,Región Hidrográfica del Titicaca,PUNO,SUR,3808.6,3808.71,m.s.n.m,-0.65,m.s.n.m,D,3810.25,LAGO TITICACA
2023-01-01,13,47256412,MUELLE ENAFER,Región Hidrográfica del Titicaca,PUNO,SUR,3808.55,3808.6,m.s.n.m,-0.81,m.s.n.m,D,3810.25,LAGO TITICACA
2023-02-01,13,47256412,MUELLE ENAFER,Región Hidrográfica del Titicaca,PUNO,SUR,3808.62,3808.55,m.s.n.m,-0.98,m.s.n.m,A,3810.25,LAGO TITICACA
2023-03-01,13,47256412,MUELLE ENAFER,Región Hidrográfica del Titicaca,PUNO,SUR,3808.64,3808.62,m.s.n.m,-1.17,m.s.n.m,E,3810.25,LAGO TITICACA
2023-04-01,13,47256412,MUELLE ENAFER,Región Hidrográfica del Titicaca,PUNO,SUR,3808.7,3808.64,m.s.n.m,-1.21,m.s.n.m,A,3810.25,LAGO TITICACA
2023-05-01,13,47256412,MUELLE ENAFER,Región Hidrográfica del Titicaca,PUNO,SUR,3808.63,3808.7,m.s.n.m,-1.22,m.s.n.m,D,3810.25,LAGO TITICACA
2023-06-01,13,47256412,MUELLE ENAFER,Región Hidrográfica del Titicaca,PUNO,SUR,3808.5,3808.63,m.s.n.m,-1.23,m.s.n.m,D,3810.25,LAGO TITICACA
2023-07-01,13,47256412,MUELLE ENAFER,Región Hidrográfica del Titicaca,PUNO,SUR,3808.39,3808.5,m.s.n.m,-1.22,m.s.n.m,D,3810.25,LAGO TITICACA
2023-08-01,13,47256412,MUELLE ENAFER,Región Hidrográfica del Titicaca,PUNO,SUR,3808.27,3808.39,m.s.n.m,-1.22,m.s.n.m,D,3810.25,LAGO TITICACA
2023-09-01,13,47256412,MUELLE ENAFER,Región Hidrográfica del Titicaca,PUNO,SUR,3808.15,3808.27,m.s.n.m,-1.3,m.s.n.m,D,3810.25,LAGO TITICACA
2023-10-01,13,47256412,MUELLE ENAFER,Región Hidrográfica del Titicaca,PUNO,SUR,3808.05,3808.15,m.s.n.m,-1.31,m.s.n.m,D,3810.25,LAGO TITICACA
2023-11-01,13,47256412,MUELLE ENAFER,Región Hidrográfica del Titicaca,PUNO,SUR,3807.97,3808.05,m.s.n.m,-1.32,m.s.n.m,D,3810.25,LAGO TITICACA
2023-12-01,13,47256412,MUELLE ENAFER,Región Hidrográfica del Titicaca,PUNO,SUR,3807.98,3807.97,m.s.n.m,-1.27,m.s.n.m,E,3810.25,LAGO TITICACA
2024-01-01,13,47256412,MUELLE ENAFER,Región Hidrográfica del Titicaca,PUNO,SUR,3808.04,3807.98,m.s.n.m,-1.32,m.s.n.m,A,3810.25,LAGO TITICACA
2024-02-01,13,47256412,MUELLE ENAFER,Región Hidrográfica del Titicaca,PUNO,SUR,3808.14,3808.04,m.s.n.m,-1.46,m.s.n.m,A,3810.25,LAGO TITICACA
2024-03-01,13,47256412,MUELLE ENAFER,Región Hidrográfica del Titicaca,PUNO,SUR,3808.49,3808.14,m.s.n.m,-1.31,m.s.n.m,A,3810.25,LAGO TITICACA
2024-04-01,13,47256412,MUELLE ENAFER,Región Hidrográfica del Titicaca,PUNO,SUR,3808.62,3808.49,m.s.n.m,-1.29,m.s.n.m,A,3810.25,LAGO TITICACA
2024-05-01,13,47256412,MUELLE ENAFER,Región Hidrográfica del Titicaca,PUNO,SUR,3808.57,3808.62,m.s.n.m,-1.29,m.s.n.m,D,3810.25,LAGO TITICACA
2024-06-01,13,47256412,MUELLE ENAFER,Región Hidrográfica del Titicaca,PUNO,SUR,3808.45,3808.57,m.s.n.m,-1.29,m.s.n.m,D,3810.25,LAGO TITICACA
2024-07-01,13,47256412,MUELLE ENAFER,Región Hidrográfica del Titicaca,PUNO,SUR,3808.3,3808.45,m.s.n.m,-1.31,m.s.n.m,D,3810.25,LAGO TITICACA
2024-08-01,13,47256412,MUELLE ENAFER,Región Hidrográfica del Titicaca,PUNO,SUR,3808.16,3808.3,m.s.n.m,-1.33,m.s.n.m,D,3810.25,LAGO TITICACA
2024-09-01,13,47256412,MUELLE ENAFER,Región Hidrográfica del Titicaca,PUNO,SUR,3808.05,3808.16,m.s.n.m,-1.4,m.s.n.m,D,3810.25,LAGO TITICACA
